coupling,cf_analytical,cf_empirical,mf_mse,oracle_mse,mse_ratio
0.0,0.26260544390472723,0.0008339953972329076,0.10049030477296599,0.10049030477296599,1.0
0.0,0.26260544390472723,0.00013403676217678848,0.10617657988776452,0.10617657988776452,1.0
0.0,0.26260544390472723,0.0009464768448838443,0.09638220600585687,0.09638220600585687,1.0
0.0,0.26260544390472723,0.002373321371511827,0.13567136236000876,0.13567136236000876,1.0
0.0,0.26260544390472723,0.0005397513903684425,0.10614926069680809,0.10614926069680809,1.0
0.0,0.26260544390472723,0.0020809970850332424,0.09901457524652495,0.09901457524652495,1.0
0.0,0.26260544390472723,0.002678859489084808,0.10622036362293591,0.10622036362293591,1.0
0.0,0.26260544390472723,0.00025219665798077137,0.12431904544159139,0.12431904544159139,1.0
0.0,0.26260544390472723,0.00035731231981377543,0.1219423395007,0.1219423395007,1.0
0.0,0.26260544390472723,0.00010981942344706757,0.11495829894025827,0.11495829894025827,1.0
0.0,0.26260544390472723,0.0004172605064231474,0.09524002487453986,0.09524002487453986,1.0
0.0,0.26260544390472723,2.3107611408384763e-06,0.09957344223289107,0.09957344223289107,1.0
0.0,0.26260544390472723,0.0035247961060965007,0.09167205101210127,0.09167205101210127,1.0
0.0,0.26260544390472723,5.898595564151988e-05,0.1187218441612217,0.1187218441612217,1.0
0.0,0.26260544390472723,4.0209779550499565e-05,0.13978272658529817,0.13978272658529817,1.0
0.0,0.26260544390472723,0.001786981691467823,0.10346294367127085,0.10346294367127085,1.0
0.0,0.26260544390472723,6.60928106745994e-05,0.10013277269750166,0.10013277269750166,1.0
0.0,0.26260544390472723,0.002217910922373958,0.11370611300566172,0.11370611300566172,1.0
0.0,0.26260544390472723,0.000297003228940984,0.09467624527161633,0.09467624527161633,1.0
0.0,0.26260544390472723,0.0003978614523622919,0.12269342017727197,0.12269342017727197,1.0
0.0,0.26260544390472723,0.00016673803345974972,0.10775023562724842,0.10775023562724842,1.0
0.0,0.26260544390472723,0.0007788015528284177,0.11443775575644842,0.11443775575644842,1.0
0.0,0.26260544390472723,0.0012088916523528967,0.11785894907006238,0.11785894907006238,1.0
0.0,0.26260544390472723,0.0013520200664843367,0.10855069443816764,0.10855069443816764,1.0
0.0,0.26260544390472723,0.000625295415124178,0.12227241047686337,0.12227241047686337,1.0
0.0,0.26260544390472723,8.516793704380937e-05,0.11422248094915609,0.11422248094915609,1.0
0.0,0.26260544390472723,1.379388701868422e-05,0.11787263136731971,0.11787263136731971,1.0
0.0,0.26260544390472723,1.1966530158878061e-05,0.09746053562390875,0.09746053562390875,1.0
0.0,0.26260544390472723,0.0007736047017628342,0.10229372439450002,0.10229372439450002,1.0
0.0,0.26260544390472723,0.002806503799043305,0.10470528719835613,0.10470528719835613,1.0
0.0,0.26260544390472723,0.005029252175031342,0.09209858875695925,0.09209858875695925,1.0
0.0,0.26260544390472723,0.00925599894968094,0.10756174708066846,0.10756174708066846,1.0
0.0,0.26260544390472723,0.0007081779837114136,0.10385309744893857,0.10385309744893857,1.0
0.0,0.26260544390472723,0.0004634947330591101,0.10138431986232496,0.10138431986232496,1.0
0.0,0.26260544390472723,0.0009500340801318584,0.10577913725246414,0.10577913725246414,1.0
0.0,0.26260544390472723,0.00010151153411921405,0.11323264825989715,0.11323264825989715,1.0
0.0,0.26260544390472723,0.000425879515736494,0.1314998792002324,0.1314998792002324,1.0
0.0,0.26260544390472723,6.08308220279725e-06,0.121255952647042,0.121255952647042,1.0
0.0,0.26260544390472723,0.0003878655281243107,0.1000470970049417,0.1000470970049417,1.0
0.0,0.26260544390472723,0.00017367923893612882,0.10742434212929951,0.10742434212929951,1.0
0.0,0.26260544390472723,0.003758129024320244,0.10431861338235668,0.10431861338235668,1.0
0.0,0.26260544390472723,0.005179036322475644,0.10538173474221878,0.10538173474221878,1.0
0.0,0.26260544390472723,0.0023113278720902665,0.09832560801052874,0.09832560801052874,1.0
0.0,0.26260544390472723,9.456714305029201e-05,0.11082286456986061,0.11082286456986061,1.0
0.0,0.26260544390472723,0.0003161069257721167,0.10114809544635375,0.10114809544635375,1.0
0.0,0.26260544390472723,0.00033852931883989395,0.10822834860319856,0.10822834860319856,1.0
0.0,0.26260544390472723,1.1523444978444608e-06,0.09506049796121704,0.09506049796121704,1.0
0.0,0.26260544390472723,0.004273227496302608,0.13862401355031034,0.13862401355031034,1.0
0.0,0.26260544390472723,0.000745677181740389,0.10693711368447856,0.10693711368447856,1.0
0.0,0.26260544390472723,0.00025055880857947156,0.11183801418444195,0.11183801418444195,1.0
0.0,0.26260544390472723,0.0002610931898617889,0.11705198328669042,0.11705198328669042,1.0
0.0,0.26260544390472723,0.00013819774415578474,0.1193209166392809,0.1193209166392809,1.0
0.0,0.26260544390472723,0.001966628399516585,0.12125721240590072,0.12125721240590072,1.0
0.0,0.26260544390472723,3.8670059159314855e-06,0.12713209892320093,0.12713209892320093,1.0
0.0,0.26260544390472723,1.2166746964460902e-05,0.12454115924730308,0.12454115924730308,1.0
0.0,0.26260544390472723,3.663700834537048e-05,0.12401347145993263,0.12401347145993263,1.0
0.0,0.26260544390472723,0.0014316873590378702,0.10066867507396693,0.10066867507396693,1.0
0.0,0.26260544390472723,0.0008095100940195113,0.10979623267532539,0.10979623267532539,1.0
0.0,0.26260544390472723,0.0005953948894157239,0.12206127700759813,0.12206127700759813,1.0
0.0,0.26260544390472723,0.0011120718557389782,0.12452620541522463,0.12452620541522463,1.0
0.0,0.26260544390472723,0.0012947859296821374,0.08150804791612157,0.08150804791612157,1.0
0.0,0.26260544390472723,0.0024511397695014085,0.1172126567069926,0.1172126567069926,1.0
0.0,0.26260544390472723,0.00019202726552121265,0.11133197060786927,0.11133197060786927,1.0
0.0,0.26260544390472723,0.003666709654798064,0.10983272277743891,0.10983272277743891,1.0
0.0,0.26260544390472723,1.4697806420665302e-06,0.08766514679349167,0.08766514679349167,1.0
0.0,0.26260544390472723,0.002146606558328837,0.10048772493150537,0.10048772493150537,1.0
0.0,0.26260544390472723,0.001704099066778317,0.11975528873731985,0.11975528873731985,1.0
0.0,0.26260544390472723,0.003305641731959769,0.09830838462615976,0.09830838462615976,1.0
0.0,0.26260544390472723,0.0034643318243242505,0.1095543479154169,0.1095543479154169,1.0
0.0,0.26260544390472723,0.00039063569238245336,0.10105654077074454,0.10105654077074454,1.0
0.0,0.26260544390472723,0.002124646751877563,0.11236994702017104,0.11236994702017104,1.0
0.0,0.26260544390472723,0.00180127257276775,0.1085866684566638,0.1085866684566638,1.0
0.0,0.26260544390472723,0.00045160003761615664,0.11845475841443961,0.11845475841443961,1.0
0.0,0.26260544390472723,0.0005578695110104141,0.12886650369165517,0.12886650369165517,1.0
0.0,0.26260544390472723,0.000698940393327604,0.14215972959417927,0.14215972959417927,1.0
0.0,0.26260544390472723,0.00043333327682867727,0.1202752829399545,0.1202752829399545,1.0
0.0,0.26260544390472723,2.180701379627902e-05,0.11098061978757359,0.11098061978757359,1.0
0.0,0.26260544390472723,0.00012042990376592459,0.12395830996281736,0.12395830996281736,1.0
0.0,0.26260544390472723,0.0012596719529415835,0.12923899392958635,0.12923899392958635,1.0
0.0,0.26260544390472723,0.0020632117003502835,0.11471746091622101,0.11471746091622101,1.0
0.0,0.26260544390472723,0.0013628901506145615,0.11299302261747682,0.11299302261747682,1.0
0.0,0.26260544390472723,0.0014426529745269856,0.09472941123263164,0.09472941123263164,1.0
0.0,0.26260544390472723,2.7678895385569723e-05,0.1108293517241412,0.1108293517241412,1.0
0.0,0.26260544390472723,8.637362849274527e-05,0.13203258994495334,0.13203258994495334,1.0
0.0,0.26260544390472723,0.0003962017200298763,0.09601905287248923,0.09601905287248923,1.0
0.0,0.26260544390472723,3.256822850317316e-07,0.1139608405810021,0.1139608405810021,1.0
0.0,0.26260544390472723,0.001273085778064295,0.12445205684356485,0.12445205684356485,1.0
0.0,0.26260544390472723,0.006169398854451021,0.10680917236489709,0.10680917236489709,1.0
0.0,0.26260544390472723,9.558934347106634e-05,0.10899321538119983,0.10899321538119983,1.0
0.0,0.26260544390472723,3.2072410132235853e-06,0.09808395711899799,0.09808395711899799,1.0
0.0,0.26260544390472723,0.008504930478451838,0.11449336419448732,0.11449336419448732,1.0
0.0,0.26260544390472723,0.00010036216717643094,0.12433695998108993,0.12433695998108993,1.0
0.0,0.26260544390472723,8.61384743511563e-05,0.15498287846085398,0.15498287846085398,1.0
0.0,0.26260544390472723,0.00043872930955786063,0.12000082829520992,0.12000082829520992,1.0
0.0,0.26260544390472723,0.004945499009653459,0.12785394377016737,0.12785394377016737,1.0
0.0,0.26260544390472723,9.085262647952115e-05,0.12768858663105828,0.12768858663105828,1.0
0.0,0.26260544390472723,0.002761608610639538,0.14084500393717195,0.14084500393717195,1.0
0.0,0.26260544390472723,0.0010250473235153843,0.0986610675930898,0.0986610675930898,1.0
0.0,0.26260544390472723,0.0018314539623014315,0.1011777727162395,0.1011777727162395,1.0
0.0,0.26260544390472723,3.232110388964709e-05,0.09928604998995441,0.09928604998995441,1.0
0.2,0.6080959945897733,0.015212667089336513,0.10093626963279508,0.10022457563639356,1.0071009928641004
0.2,0.6080959945897733,0.0016879213650086355,0.10975047092805691,0.10733027210661907,1.0225490793411358
0.2,0.6080959945897733,0.00857657305820906,0.10993717892994989,0.10957762337330292,1.0032812863208582
0.2,0.6080959945897733,0.011137821913403392,0.1460783566425125,0.12571029226814281,1.1620238407442738
0.2,0.6080959945897733,0.0003926627992693078,0.11192779795814672,0.10990812836087427,1.0183759802609051
0.2,0.6080959945897733,0.0015991763584571465,0.1282317927996521,0.1262451717982689,1.015736213695029
0.2,0.6080959945897733,0.003531876699718764,0.10453961529866357,0.10344586065822133,1.0105732083766594
0.2,0.6080959945897733,0.002860038756502261,0.11729613398107518,0.11561829482681371,1.0145118828882118
0.2,0.6080959945897733,0.00112754436181594,0.10941589692245912,0.10867800130073149,1.0067897422927916
0.2,0.6080959945897733,0.015061051626536676,0.14291552943682936,0.13834777021149336,1.0330165005070429
0.2,0.6080959945897733,0.0036063721088950354,0.1249179269529321,0.12343508676815951,1.0120131173687894
0.2,0.6080959945897733,0.008189887191214613,0.10801773204919009,0.10499421813490573,1.0287969563276282
0.2,0.6080959945897733,0.01198338953713116,0.09155681246557347,0.07432655958168964,1.231818248831317
0.2,0.6080959945897733,0.0009269847610222502,0.10756864256325871,0.10930001804747998,0.9841594217901304
0.2,0.6080959945897733,0.0026761062423881618,0.11436420231690848,0.11126423940972652,1.0278612690261286
0.2,0.6080959945897733,0.02008250194071607,0.08874525403827677,0.08127601047411326,1.091899731797767
0.2,0.6080959945897733,3.546035258983636e-05,0.11237149801808281,0.10944511433639334,1.0267383674404584
0.2,0.6080959945897733,0.0015042829272096973,0.0868547854782752,0.08629945016681274,1.0064349808763442
0.2,0.6080959945897733,5.118868927443424e-05,0.13533426884055633,0.1305770215686328,1.036432499491674
0.2,0.6080959945897733,5.587946529695359e-06,0.11832783156779324,0.11719528814477329,1.009663728302975
0.2,0.6080959945897733,0.021729110217412487,0.14013744286317192,0.13802475895751096,1.0153065574728612
0.2,0.6080959945897733,0.0002723416325084393,0.11251998138838983,0.11194432205043792,1.0051423719167512
0.2,0.6080959945897733,0.0016474735263490785,0.09703200151683052,0.09303362996862,1.0429777011770816
0.2,0.6080959945897733,0.005839494548150197,0.10250297109910854,0.0981954765424565,1.0438665273424241
0.2,0.6080959945897733,0.02098490225750851,0.1527201396782868,0.1386284851611948,1.1016504977364967
0.2,0.6080959945897733,0.0017602346312859847,0.07792581654150624,0.07059258583749958,1.1038810325051325
0.2,0.6080959945897733,0.007477220677838584,0.11289940262442286,0.11103877606096958,1.016756547842635
0.2,0.6080959945897733,0.006995724675530506,0.13142687290028493,0.13185990016640048,0.9967160048993736
0.2,0.6080959945897733,0.012364730110202064,0.1721439675226683,0.14485841627744306,1.1883601377566217
0.2,0.6080959945897733,0.008170321700531705,0.17792839527176255,0.1639030418426116,1.0855710380446681
0.2,0.6080959945897733,0.001678679251960373,0.14240802043714262,0.13889702200657375,1.0252777084767355
0.2,0.6080959945897733,0.005889349115946662,0.1133383792950793,0.10971229363851624,1.0330508599930506
0.2,0.6080959945897733,0.0030355104227396774,0.09646022827094969,0.09556708124423446,1.0093457602250369
0.2,0.6080959945897733,0.0030261270376778474,0.09879324177783479,0.0914597305689763,1.0801829522483424
0.2,0.6080959945897733,0.0045347316179095275,0.11568156872347837,0.11714842798967223,0.9874786261210166
0.2,0.6080959945897733,0.0008775022631848113,0.1188705199387852,0.11980469281372175,0.9922025352012792
0.2,0.6080959945897733,0.00315345239185252,0.12463574159223229,0.11930238394618292,1.0447045353968385
0.2,0.6080959945897733,0.02358134514616213,0.09506424518203387,0.0965820792795299,0.9842845162496131
0.2,0.6080959945897733,5.400797917368141e-05,0.10415716280203906,0.10401665013635762,1.0013508670534692
0.2,0.6080959945897733,0.005062301728921213,0.11319044462838986,0.11299606404210341,1.0017202420981144
0.2,0.6080959945897733,0.0003572148050081163,0.09956509024400584,0.09925790384833419,1.0030948305753165
0.2,0.6080959945897733,0.0011664095571112783,0.09066966533236882,0.08880609651132716,1.020984694680325
0.2,0.6080959945897733,0.028416606709709934,0.13555143316511029,0.13817694920949886,0.9809988854189575
0.2,0.6080959945897733,0.0013937034936087494,0.12231769219751293,0.12446586374909444,0.9827408778047617
0.2,0.6080959945897733,0.0005685456184760167,0.10423331068349938,0.10399064142153802,1.0023335682773382
0.2,0.6080959945897733,0.0008397998828769436,0.1097989596292969,0.11063763654124718,0.992419605676974
0.2,0.6080959945897733,0.004633286478867169,0.09699568448195753,0.09690493665288225,1.0009364623951031
0.2,0.6080959945897733,0.005417455664841379,0.13666966813254902,0.128538934254028,1.063255027947038
0.2,0.6080959945897733,0.010200513170513865,0.07849834346387363,0.0643712544580676,1.2194626953403345
0.2,0.6080959945897733,0.0002142660099807877,0.1441200236810156,0.13954241942883291,1.032804392176368
0.2,0.6080959945897733,0.003572447628522707,0.13081552897286636,0.1286345320991938,1.0169549874211905
0.2,0.6080959945897733,0.004599908079160309,0.11624562843359877,0.11401610127332679,1.0195544939300039
0.2,0.6080959945897733,0.009759982336612542,0.11385791279575562,0.1116527672474617,1.019750030408172
0.2,0.6080959945897733,0.006033336702199585,0.0998827593585752,0.09328035922754903,1.0707801747945698
0.2,0.6080959945897733,0.006327121271463953,0.1311002726401053,0.12983237239536516,1.009765671083011
0.2,0.6080959945897733,0.002881389576483279,0.11761020065389997,0.1151837998007404,1.0210654697740227
0.2,0.6080959945897733,0.0002575558567326267,0.10233799003940235,0.09879632088762848,1.0358481886770075
0.2,0.6080959945897733,0.012594048510304823,0.10115108897324955,0.09805616794416742,1.0315627368881513
0.2,0.6080959945897733,0.011027109917032128,0.10988775019741072,0.10626347715305799,1.03410647892815
0.2,0.6080959945897733,9.848681422041415e-05,0.10837998918522086,0.11006985159588041,0.9846473635954026
0.2,0.6080959945897733,0.006010003042770018,0.14026980969015126,0.1373562376149361,1.021211792968464
0.2,0.6080959945897733,0.0018731530396256372,0.09353842174844591,0.09185265190364297,1.0183529795805066
0.2,0.6080959945897733,0.012219106597765313,0.10177372752445282,0.09818565855882046,1.0365437174664653
0.2,0.6080959945897733,0.00043817819390009575,0.1336506692393278,0.12748583526218268,1.0483570113061327
0.2,0.6080959945897733,0.01454271377008507,0.09130162703808496,0.09351157600989352,0.9763671080511493
0.2,0.6080959945897733,0.006138020621392503,0.08957568725014901,0.08352428176321745,1.0724508533229493
0.2,0.6080959945897733,0.01044571026304229,0.11926936085273458,0.1163425562697735,1.0251567842138043
0.2,0.6080959945897733,0.00448859464187175,0.12247484685345252,0.1227608123718213,0.9976705471978904
0.2,0.6080959945897733,0.002681721469947627,0.09555640425921733,0.092899419475941,1.0286006607820022
0.2,0.6080959945897733,0.001407107455366579,0.11315325628726328,0.1115424804348072,1.014440918349467
0.2,0.6080959945897733,0.002569223946943236,0.11323337770668544,0.11337759423868174,0.9987279979526406
0.2,0.6080959945897733,0.008107427098348496,0.11381586671139662,0.11128207767024655,1.0227690666295632
0.2,0.6080959945897733,0.011627424584052347,0.12613916653245058,0.12290644834494192,1.0263022667324655
0.2,0.6080959945897733,0.0003036441946502508,0.10386510721288657,0.10436965397816135,0.9951657714091842
0.2,0.6080959945897733,0.006268206850549247,0.11029711901174256,0.1095568590567012,1.006756856315662
0.2,0.6080959945897733,0.0019799794870715,0.10825628055731083,0.10732599042716903,1.0086678923384647
0.2,0.6080959945897733,0.0006561015708688646,0.09990685904716484,0.09878718244779561,1.0113342295187022
0.2,0.6080959945897733,0.005634169648027716,0.09062950532769314,0.08126020797950045,1.115299942999854
0.2,0.6080959945897733,0.001188304998232252,0.11747263498388943,0.11579095374155261,1.0145234250863013
0.2,0.6080959945897733,0.010223260709611213,0.09690185976580169,0.0964049361610316,1.0051545452396757
0.2,0.6080959945897733,0.004046046810493988,0.12118979265256319,0.12013388073360261,1.0087894598302545
0.2,0.6080959945897733,0.003297485865182642,0.1068615246034065,0.10472623793949674,1.0203892234259706
0.2,0.6080959945897733,0.00803670496745007,0.08689874642794858,0.08466053207765221,1.0264375181134395
0.2,0.6080959945897733,0.0038695270018043407,0.11223021191439742,0.1125819796835546,0.9968754522691292
0.2,0.6080959945897733,0.00869306049057337,0.0941002613492108,0.09597579236240421,0.9804582909186995
0.2,0.6080959945897733,0.0013710259018068405,0.1152195943627413,0.11522705406000346,0.999935260887098
0.2,0.6080959945897733,0.01113133690559996,0.13863753348854624,0.1328518913362753,1.043549565565659
0.2,0.6080959945897733,0.003156372776557849,0.09729390258531567,0.09068828679967753,1.0728386875388811
0.2,0.6080959945897733,0.012800034969126569,0.09193304775908169,0.08017051070229857,1.1467189987158941
0.2,0.6080959945897733,0.002833921191713115,0.08400910584084166,0.07681982496876351,1.0935862698854295
0.2,0.6080959945897733,0.00019703499262445877,0.11939114879557257,0.11820849672235452,1.010004797506188
0.2,0.6080959945897733,6.345649200717034e-05,0.08983267946418856,0.0862251578446514,1.0418383881191229
0.2,0.6080959945897733,0.0005735382985637519,0.11807651779458724,0.11778290135272232,1.0024928613448367
0.2,0.6080959945897733,0.017487742851581424,0.1228716511769018,0.12035947124584988,1.02087230780468
0.2,0.6080959945897733,0.003532267843551989,0.09272080449134863,0.09303091937549182,0.9966665396168826
0.2,0.6080959945897733,0.0039205355501499475,0.1189868877359837,0.12001023101439465,0.9914728663568009
0.2,0.6080959945897733,0.006879451508963826,0.1451137375621064,0.13627451027867424,1.064863394227992
0.2,0.6080959945897733,0.004542890351154113,0.0858567417645409,0.0838652448623084,1.0237463910765678
0.2,0.6080959945897733,0.008659689820138492,0.13254716069509173,0.12823397815654544,1.0336352548720031
0.2,0.6080959945897733,0.001108101340436532,0.09403087062089625,0.09295927191785455,1.0115276150612351
0.4,0.8104383738646738,0.008073813871970975,0.09162770471656158,0.08146803909055393,1.1247073789847195
0.4,0.8104383738646738,0.020629562349306678,0.07729098766902927,0.06938629730569149,1.113922931043755
0.4,0.8104383738646738,0.016447120498073734,0.08689910561664672,0.08055022593792206,1.0788188934891079
0.4,0.8104383738646738,0.04942276219644917,0.31711719241115294,0.17863816719425937,1.7751928235263694
0.4,0.8104383738646738,0.0294315972942931,0.0688758689951677,0.05556062261451208,1.239652576844554
0.4,0.8104383738646738,0.08351254071650353,0.09515029966034727,0.08085584568434455,1.1767893694638636
0.4,0.8104383738646738,0.018639957080109616,0.14708792804737944,0.11890201900808683,1.2370515595481655
0.4,0.8104383738646738,0.03330576513480183,0.3070518920827831,0.15283029643347515,2.009103556351724
0.4,0.8104383738646738,0.03855936162909899,0.3135989561480752,0.1494445863174275,2.098429684712539
0.4,0.8104383738646738,0.003166347292870873,0.08734591007866388,0.08566530843310777,1.019618229085913
0.4,0.8104383738646738,0.029649721440652664,0.13208510826099454,0.12444056897406526,1.0614312466581737
0.4,0.8104383738646738,0.02519903956156194,0.12258016411733512,0.11778735492115724,1.0406903542352743
0.4,0.8104383738646738,0.020080870719109706,0.27354710833040363,0.18855029072133586,1.4507912307315778
0.4,0.8104383738646738,0.007632015212557431,0.12428340790272946,0.12088673256008278,1.0280979994306527
0.4,0.8104383738646738,0.00040317807951725175,0.09432169841940893,0.09284142348557385,1.015944121473591
0.4,0.8104383738646738,0.054517450982875366,0.1720426143396622,0.14092600753658335,1.2208010242183382
0.4,0.8104383738646738,0.07099503449706032,1.0782494619672434,0.20219215926773776,5.332795623095615
0.4,0.8104383738646738,0.03312206259605013,0.10816634805353448,0.09634370251382726,1.1227132156147976
0.4,0.8104383738646738,0.01378374192725631,0.13674102907798852,0.1290561972804036,1.059546398852028
0.4,0.8104383738646738,0.020329753603464683,0.12891269232901958,0.11913200649294202,1.0820995643740545
0.4,0.8104383738646738,0.013812033367423527,0.11013372845300613,0.10971859519794708,1.0037836180303812
0.4,0.8104383738646738,0.004384119807477501,0.11913039582139097,0.12001072327720114,0.9926645933649046
0.4,0.8104383738646738,0.023585366828312488,0.12645802408782386,0.12248834060119182,1.0324086640993602
0.4,0.8104383738646738,0.018520550366287216,0.15673107632424368,0.13693282155567763,1.1445837056714412
0.4,0.8104383738646738,0.005416383808301487,0.11374776636502328,0.10739036179306116,1.0591990236909035
0.4,0.8104383738646738,0.04191894574999239,0.07532333809646156,0.05815273528370876,1.2952673288536278
0.4,0.8104383738646738,0.03596831263578502,0.09258153534250106,0.08258372241235956,1.121062754718419
0.4,0.8104383738646738,0.06877677087236529,0.2841031044996795,0.15900885347358246,1.7867124898606987
0.4,0.8104383738646738,0.03868902194055451,0.16045084234062706,0.14273539574577745,1.1241138997253504
0.4,0.8104383738646738,0.024008738978489826,0.1918438140705336,0.13446436979783133,1.426726011946309
0.4,0.8104383738646738,0.022439928763108748,0.10694845280374998,0.10520004612505851,1.016619828061796
0.4,0.8104383738646738,0.014010869554893756,0.2043729594652261,0.15168876420574606,1.347317716874671
0.4,0.8104383738646738,0.016447560412311504,0.09665687343735432,0.08932921390073131,1.082029822234482
0.4,0.8104383738646738,0.003851319713135987,0.22507097351284983,0.1799572873951144,1.2506910765924348
0.4,0.8104383738646738,0.019537998629620235,0.08969794007221818,0.08590710799145924,1.0441271062359103
0.4,0.8104383738646738,0.19216638040852654,0.0791200709744692,0.048289037073650384,1.6384686001047268
0.4,0.8104383738646738,0.011624727977439473,0.18849907754661602,0.14609849653107324,1.290219146824175
0.4,0.8104383738646738,0.04600951718557276,0.37427481685847774,0.17154651452331682,2.1817687051147043
0.4,0.8104383738646738,0.04556598512489869,0.09837179329461139,0.09408535084348747,1.0455590845194858
0.4,0.8104383738646738,0.006639533196656299,0.10726856312798126,0.10668578227379853,1.0054625915633921
0.4,0.8104383738646738,0.050307357359186,0.11704797275231134,0.11144563906527892,1.05026965374348
0.4,0.8104383738646738,0.032999668492322845,0.17561643174120675,0.1425450116652728,1.232006856568176
0.4,0.8104383738646738,0.017331213815392113,0.10293658937056396,0.10070125080789119,1.022197723908486
0.4,0.8104383738646738,0.014495571402197326,0.09885330230904162,0.09807072127039153,1.0079797622421112
0.4,0.8104383738646738,0.013502418153794155,0.1450715930223527,0.13983361829782884,1.0374586225278646
0.4,0.8104383738646738,0.021940436794684333,0.168753656460164,0.16075335677194447,1.0497675435765195
0.4,0.8104383738646738,0.0049499151647904045,0.11974268350173523,0.1172993044543985,1.0208302944224756
0.4,0.8104383738646738,0.006040357950219194,0.15827631198975506,0.14175940623116937,1.1165136494128038
0.4,0.8104383738646738,1.1232832066497464e-05,0.13130130044634972,0.1306136472767848,1.0052647880516477
0.4,0.8104383738646738,0.007881313203531498,0.12338607980445195,0.12033635077565355,1.0253433730468036
0.4,0.8104383738646738,0.08752219385472276,0.31040230952363546,0.15679126988289416,1.9797167900704666
0.4,0.8104383738646738,0.05608565806587066,0.10091494384090019,0.09238532124303513,1.0923265999738905
0.4,0.8104383738646738,0.012703241283025754,0.11134391196162834,0.10993464527017396,1.0128191316576405
0.4,0.8104383738646738,0.017322684225898565,0.10195298323794173,0.09973133336931492,1.0222763477993404
0.4,0.8104383738646738,0.00899418315809569,0.17924029899975003,0.1539941386119066,1.163942346217919
0.4,0.8104383738646738,0.029394034562868442,0.26570551371629736,0.16438093021461664,1.6164010835648077
0.4,0.8104383738646738,0.011647588603389845,0.12078647406785568,0.11871427493726315,1.0174553492550718
0.4,0.8104383738646738,0.0028568043093045886,0.12497302583209534,0.12307686006668903,1.0154063547313352
0.4,0.8104383738646738,0.05149357521679544,0.09200167244645842,0.08646228951511531,1.0640670396586562
0.4,0.8104383738646738,0.003815531927620153,0.09275506015125602,0.08894846121424822,1.0427955569443628
0.4,0.8104383738646738,0.01898893298400394,0.119841114454412,0.11800788238828662,1.0155348272422466
0.4,0.8104383738646738,0.01210718146233406,0.10374999306414869,0.10290383073399977,1.0082228457785618
0.4,0.8104383738646738,0.03484551624264118,0.09858010282087179,0.0934150440138768,1.0552915096440754
0.4,0.8104383738646738,0.006869491246076692,0.11431330918637062,0.11231920804558868,1.0177538746531454
0.4,0.8104383738646738,0.014467549832023856,0.07785834465401564,0.06496232169528339,1.1985154258990804
0.4,0.8104383738646738,0.026404059401947275,0.24893457976968605,0.18000508511828003,1.3829308189049934
0.4,0.8104383738646738,0.006304055950870683,0.08670849551891766,0.08188000841171536,1.0589702810351866
0.4,0.8104383738646738,0.03472547777001248,0.10173880875239626,0.10038311703606441,1.0135051765312766
0.4,0.8104383738646738,0.025909250485467914,0.14350988331145256,0.12989663111945024,1.1048006562963428
0.4,0.8104383738646738,0.015824907615890376,0.1099437173106549,0.10918200101746678,1.0069765738499907
0.4,0.8104383738646738,0.02100243537994967,0.17925163279336545,0.13870497779871813,1.2923229983388675
0.4,0.8104383738646738,0.006986903125801662,0.0811463603207348,0.07705434878788489,1.0531055235326743
0.4,0.8104383738646738,0.00828302746971435,0.1456490449907759,0.13327750982506786,1.0928253775295336
0.4,0.8104383738646738,0.0010724754442226821,0.10206484726720699,0.1020086467869813,1.0005509383958702
0.4,0.8104383738646738,0.022766039216084225,0.13459406272723545,0.11768791473537708,1.1436523710176365
0.4,0.8104383738646738,0.04117493131392075,0.11759490765412157,0.10648089140260181,1.1043756875540975
0.4,0.8104383738646738,0.022871580144135685,0.16250980651012667,0.13804188214928692,1.1772500054322546
0.4,0.8104383738646738,0.03290599891774145,0.08423748534210163,0.0579149720194666,1.4545027374577235
0.4,0.8104383738646738,0.015556917042642877,0.24592601743636025,0.17203443992205225,1.4295161919194077
0.4,0.8104383738646738,0.09069581375713504,0.3760803938875259,0.17540823670846337,2.1440292710574873
0.4,0.8104383738646738,0.014131236845469412,0.09562264195681532,0.08233445566449783,1.161392775176229
0.4,0.8104383738646738,0.01408651552795096,0.10991300924257935,0.10727209372634619,1.0246188493623534
0.4,0.8104383738646738,0.012724239773262197,0.07824643600184909,0.06960205473053187,1.1241972137860645
0.4,0.8104383738646738,0.03612172218859802,0.1408988356555792,0.1251270658764086,1.1260460290401824
0.4,0.8104383738646738,0.09980633822065822,0.5500788256742465,0.16814861265166994,3.2713848600925908
0.4,0.8104383738646738,0.023380972895917746,0.14936790445440007,0.13640196945355873,1.095056801985956
0.4,0.8104383738646738,0.010057789074298737,0.13994249705362327,0.1367654384596295,1.0232299814176489
0.4,0.8104383738646738,0.008677316133003701,0.1489735340530246,0.14669078393574375,1.0155616464513597
0.4,0.8104383738646738,0.011484767451419782,0.11023505727761441,0.1076678515985384,1.0238437531812965
0.4,0.8104383738646738,0.0881534857339992,0.0779124804230108,0.0475775700982654,1.6375884741926188
0.4,0.8104383738646738,0.03490674797469453,0.10443017578817586,0.10574637135802016,0.9875532791060213
0.4,0.8104383738646738,0.018093901638013277,0.1543946546589694,0.13124234623895714,1.176408827512563
0.4,0.8104383738646738,0.015830550671758543,0.09748545770566129,0.08744531873454148,1.114816197326683
0.4,0.8104383738646738,0.008856515342465713,0.13722721116709485,0.1310075211729217,1.0474758238190276
0.4,0.8104383738646738,0.021635571524628514,0.17085420381771588,0.13782996444976592,1.2396013051282917
0.4,0.8104383738646738,0.00521733663270355,0.12003743475301992,0.11959421298768272,1.003706046925388
0.4,0.8104383738646738,7.386290784028635e-05,0.08192892677829026,0.08708555373651414,0.9407866547668083
0.4,0.8104383738646738,0.018932470968482957,0.08313464390975973,0.06967820060270338,1.19312271543554
0.4,0.8104383738646738,0.015504961180298015,0.09443306580085187,0.0838737257880635,1.12589568322588
0.4,0.8104383738646738,0.010583419344297308,0.10721446393584978,0.10144921967890114,1.05682886743926
0.6,0.7554532459559851,0.03525168108013366,0.1036073911892053,0.09734917596436486,1.0642862680946708
0.6,0.7554532459559851,0.030562816845811896,0.09839514870176473,0.08757993869780613,1.1234895818011064
0.6,0.7554532459559851,0.03194502143149645,0.11502369865261869,0.10089143708046784,1.1400739446389232
0.6,0.7554532459559851,0.07298642085548125,0.088385303619025,0.07806503543395465,1.1322009031021525
0.6,0.7554532459559851,0.01660004121539268,0.13732719388406192,0.13231318039829135,1.037895041678216
0.6,0.7554532459559851,0.023783645654171577,0.11297868128370209,0.10420581710539221,1.0841878545939247
0.6,0.7554532459559851,0.08348397394956691,0.06707690636026684,0.0529551323639242,1.2666743215613814
0.6,0.7554532459559851,0.03251450372865878,0.07545522268315748,0.05060830518179023,1.4909652163239724
0.6,0.7554532459559851,0.11096146286370218,0.09018719413089483,0.04473195534780419,2.0161692783081513
0.6,0.7554532459559851,0.13286854243134105,0.0740669622010461,0.033879558068449604,2.1861844257650183
0.6,0.7554532459559851,0.14460866387649263,0.49482671559131924,0.17297551914031162,2.860674840293055
0.6,0.7554532459559851,0.019177869049569276,0.09401434297993855,0.06833189576182529,1.3758485979612054
0.6,0.7554532459559851,0.06288857819829728,0.20179646707420976,0.13540549159766824,1.490312281231619
0.6,0.7554532459559851,0.06387367106048933,0.08781230238878933,0.06679897512473185,1.3145755937844839
0.6,0.7554532459559851,0.14568569078899035,0.09899020170120415,0.08125337267705322,1.2182903729380823
0.6,0.7554532459559851,0.15840322087809017,0.6378233041071356,0.17310890565072048,3.684520456700611
0.6,0.7554532459559851,0.034390160168727715,0.38495553589662457,0.19509657401005653,1.9731537462917288
0.6,0.7554532459559851,0.0756689188589801,0.16471802018046114,0.1495115364751645,1.1017077615801414
0.6,0.7554532459559851,0.01683931261778409,0.1356180232836968,0.12878092499362548,1.0530909239113615
0.6,0.7554532459559851,0.021949101279039904,0.1109272758994607,0.10447111031922947,1.0617985734094653
0.6,0.7554532459559851,0.057781570855200526,0.10650799783450417,0.09606214870286518,1.1087405317566816
0.6,0.7554532459559851,0.01979803838622791,0.12959607361746162,0.12238945662312578,1.0588826618989509
0.6,0.7554532459559851,0.07499212575784213,0.14888577278076578,0.10445109190182444,1.42541135827193
0.6,0.7554532459559851,0.013753965417929045,0.2035970905038542,0.14668038202086375,1.3880321805740499
0.6,0.7554532459559851,0.04066933337103023,0.1230292384024747,0.0980739894728303,1.2544532863788296
0.6,0.7554532459559851,0.016514413406699038,0.08468453044856776,0.0757598082386161,1.1178028616683138
0.6,0.7554532459559851,0.06039460062978183,0.09783813377000858,0.08632494278141041,1.1333703865608291
0.6,0.7554532459559851,0.022468875022320402,0.12660355631292444,0.1170871474258053,1.0812762894676329
0.6,0.7554532459559851,0.06725360530047407,0.13117226648612026,0.11382576096062337,1.152395251998339
0.6,0.7554532459559851,0.04270498777706103,0.09287760347769639,0.0720609829212476,1.2888750571054295
0.6,0.7554532459559851,0.0572776913127228,0.09346041521090356,0.07534965014080132,1.2403563259585115
0.6,0.7554532459559851,0.009106948924678334,0.13823891028604046,0.13580791388117003,1.0179002558495782
0.6,0.7554532459559851,0.07981235369403239,0.07190690517217133,0.033497667405133214,2.1466242500560573
0.6,0.7554532459559851,0.03262746162736635,0.0761552433757874,0.041924216423482374,1.8164977159389846
0.6,0.7554532459559851,0.07327960929628043,0.08340901497081035,0.05048003938884824,1.6523167568929549
0.6,0.7554532459559851,0.015510686047721822,0.10757136742847616,0.09984079155021805,1.0774290323446583
0.6,0.7554532459559851,0.06656439815667001,0.10505562619840905,0.09159845374222732,1.1469148430611324
0.6,0.7554532459559851,0.022884640588731277,0.08937353885003774,0.08315069609510531,1.0748381318156968
0.6,0.7554532459559851,0.028959607926854005,0.2728865832832009,0.16409549474756646,1.662974255953775
0.6,0.7554532459559851,0.019831673641447153,0.09221834489464788,0.09175585841349607,1.0050404027508262
0.6,0.7554532459559851,0.008482873196509486,0.10774975361497245,0.10649800517889349,1.0117537265977545
0.6,0.7554532459559851,0.10574116306985529,0.08193566301204044,0.05523557379860952,1.4833857490243554
0.6,0.7554532459559851,0.051583134218536074,0.15561411691992844,0.13023247725042844,1.1948948542282027
0.6,0.7554532459559851,0.009630967434196211,0.14983594443256137,0.1429408793762836,1.048237180898593
0.6,0.7554532459559851,0.08175726977188018,0.19717476750982674,0.1474635090222502,1.3371088808152247
0.6,0.7554532459559851,0.0034705245976713512,0.08144419503379481,0.07333019495851051,1.1106501909598785
0.6,0.7554532459559851,0.04313083430370911,0.09032826299051959,0.0818502618998299,1.103579400895079
0.6,0.7554532459559851,0.03312414320534911,0.15534914449452245,0.137086788402127,1.1332174770833867
0.6,0.7554532459559851,0.07258061023733459,0.07539832621659322,0.03816842321464737,1.9754110824169084
0.6,0.7554532459559851,0.04240189746577955,0.2884851942467705,0.1686195521622394,1.71086443148183
0.6,0.7554532459559851,0.03719849795759916,0.11411367376311697,0.11113722202838673,1.026781771942887
0.6,0.7554532459559851,0.02359771369728702,0.1240838376594499,0.12290144951429956,1.0096206200156554
0.6,0.7554532459559851,0.06571917690278917,0.2608671879060811,0.17198856463331613,1.516770539147509
0.6,0.7554532459559851,0.03415586387656324,0.11666403295252219,0.10232197262996723,1.1401659873624697
0.6,0.7554532459559851,0.027209132428321726,0.24835751841850776,0.15320630271349078,1.6210659354070966
0.6,0.7554532459559851,0.024357716314286883,0.13680868236780017,0.12515332039963237,1.0931286675491354
0.6,0.7554532459559851,0.04080288177304649,0.07311258645878145,0.053058531024788344,1.3779609997989595
0.6,0.7554532459559851,0.06864861526094003,0.07562221031152426,0.03283133339176905,2.3033548290330192
0.6,0.7554532459559851,0.0578560357620794,0.11932475512405678,0.09796010154695511,1.2180954617208208
0.6,0.7554532459559851,0.04906936383816029,0.47352669946135195,0.1898467920226944,2.4942570502047055
0.6,0.7554532459559851,0.0398138926373621,0.18948114159280333,0.15699174485854678,1.2069497142256127
0.6,0.7554532459559851,0.011368967855720384,0.12056603720097143,0.11667174099068754,1.0333782300428236
0.6,0.7554532459559851,0.026529791290364025,0.15916160726025552,0.12360774637448206,1.2876345692612134
0.6,0.7554532459559851,0.03449295202347313,0.0642406580646615,0.03390650934107923,1.894640861388557
0.6,0.7554532459559851,0.01736155938967494,0.10186103922214074,0.09440312303234087,1.0790007358892661
0.6,0.7554532459559851,0.013423537781319321,0.11404015726002369,0.11005105714188385,1.0362477219368904
0.6,0.7554532459559851,0.03061960796007516,0.16918910098859383,0.1319771734593693,1.281957300295423
0.6,0.7554532459559851,0.02369075505358797,0.1198752858599168,0.11465326237070426,1.045546226781828
0.6,0.7554532459559851,0.025537325069280865,0.18147624861902883,0.1565791877574321,1.1590061950006187
0.6,0.7554532459559851,0.049628437494081,0.16292952199830932,0.15759693610998146,1.033836862695138
0.6,0.7554532459559851,0.006361051573472577,0.0916299860153223,0.08637572638620825,1.0608302800907385
0.6,0.7554532459559851,0.10045490755207823,0.11746718604695365,0.10288047704772786,1.1417830614496352
0.6,0.7554532459559851,0.0820027855035007,0.08997059151494481,0.06417669833494549,1.4019199156269782
0.6,0.7554532459559851,0.07120087883170019,0.06768225772065721,0.031964658992405415,2.1174090340440688
0.6,0.7554532459559851,0.03792181314707513,0.12971218862960224,0.10435729466544257,1.2429623539537369
0.6,0.7554532459559851,0.015299449583964474,0.1996441778434088,0.16497833872064901,1.2101235798080014
0.6,0.7554532459559851,0.1821671001513963,1.467336894977817,0.19694779148693572,7.450385119323112
0.6,0.7554532459559851,0.11230188741999188,0.9900763979089652,0.19688961028410215,5.028586305190675
0.6,0.7554532459559851,0.01685659522447291,0.13824828414653378,0.11996615707686807,1.1523940377447572
0.6,0.7554532459559851,0.05902814380637596,0.14200783067037803,0.1218443367745702,1.1654856879652375
0.6,0.7554532459559851,0.004142889437026697,0.140331548668177,0.13360137719736503,1.0503750156771938
0.6,0.7554532459559851,0.03104770122576531,0.08530811267968093,0.050482784821708024,1.689845617292446
0.6,0.7554532459559851,0.02280023120146403,0.15239565791987447,0.1395611993597823,1.0919629425583075
0.6,0.7554532459559851,0.04072903304084679,0.11920485413036805,0.10890843050315657,1.094542025623196
0.6,0.7554532459559851,0.01382799393045156,0.12342682532214426,0.1199003257001925,1.0294119269598123
0.6,0.7554532459559851,0.050365695784471594,0.08002025396792554,0.06012819417141659,1.330827494000562
0.6,0.7554532459559851,0.018521975736957377,0.11035328771837973,0.11037145749049103,0.9998353761694878
0.6,0.7554532459559851,0.04520691702209857,0.25349322646841177,0.15954324756815794,1.5888684123727503
0.6,0.7554532459559851,0.021336166617107508,0.08278666387743999,0.07548762323842877,1.0966918857142594
0.6,0.7554532459559851,0.019676302199183718,0.08142156921490139,0.07514072197740894,1.0835877946365857
0.6,0.7554532459559851,0.03435759339349632,0.11521868719112736,0.10695822852035491,1.077230698236559
0.6,0.7554532459559851,0.037009468917533254,0.07079309668423757,0.055113547210081965,1.2844953785026438
0.6,0.7554532459559851,0.0412398357892011,0.15385714211732632,0.12216291541499719,1.2594422914242125
0.6,0.7554532459559851,0.0930940380671859,0.08785905890971875,0.06183500441593452,1.4208628225969364
0.6,0.7554532459559851,0.11844091960099573,0.3131864097535857,0.13957280593654228,2.2438927673058173
0.6,0.7554532459559851,0.0023582321122616844,0.0736920660931957,0.0685946606916847,1.074311985074502
0.6,0.7554532459559851,0.2087191281406633,0.0791473768658936,0.05763202529361642,1.3733228437255756
0.6,0.7554532459559851,0.07128850671859795,0.12994869192187647,0.11830039432786457,1.0984637258412608
0.6,0.7554532459559851,0.014901831718369752,0.1020328166441375,0.0979073763009203,1.0421361545889818
0.6,0.7554532459559851,0.0944479532849403,0.1212418108319506,0.10005776422687573,1.211718168687451
0.8,0.5627469743190765,0.05940064284008545,0.17573205526720756,0.1321219376573088,1.3300747656533198
0.8,0.5627469743190765,0.015854813967404218,0.10669926614581203,0.09549574655063492,1.1173195665760531
0.8,0.5627469743190765,0.029665741949474578,0.11468761847272697,0.11168734786639092,1.026863119804091
0.8,0.5627469743190765,0.03729530363847777,0.10383503830147868,0.09513486471915333,1.091450948167205
0.8,0.5627469743190765,0.01629478187700467,0.2127470331812422,0.1535080014535468,1.3859019149931529
0.8,0.5627469743190765,0.03754483326584435,0.11742143319687282,0.10600955095798933,1.1076495668150308
0.8,0.5627469743190765,0.027249105009193954,0.1264551945527621,0.10987116502284569,1.1509406906395148
0.8,0.5627469743190765,0.16491856398668017,0.10678156141987358,0.08498254364618982,1.256511712151618
0.8,0.5627469743190765,0.03755527359176677,0.1647460397473048,0.1341288747181885,1.2282667702494674
0.8,0.5627469743190765,0.04181718676840727,0.29577401939991405,0.14770915113587602,2.0024082267444268
0.8,0.5627469743190765,0.028036628245538608,0.16834317810017596,0.1527149777286913,1.1023357407630916
0.8,0.5627469743190765,0.10196696625986429,1.036137749338795,0.2095340715177829,4.944960701777131
0.8,0.5627469743190765,0.04645055484498293,0.08546526164646984,0.07120060518425082,1.2003445957419232
0.8,0.5627469743190765,0.030872915960341016,0.10305199696472646,0.09261656926195615,1.112673442624017
0.8,0.5627469743190765,0.0741990200933741,0.6381419011293563,0.19289421423257333,3.3082480139085253
0.8,0.5627469743190765,0.07053585296383459,0.09578012247967542,0.08419976756839445,1.1375342859690722
0.8,0.5627469743190765,0.023433824601965997,0.10258890289335748,0.09908421340218504,1.0353708161051531
0.8,0.5627469743190765,0.09608143422756481,1.0132244672399136,0.19344533951069032,5.237781741358106
0.8,0.5627469743190765,0.24652257189246884,2.9297571060418557,0.17818662623195822,16.442070698549408
0.8,0.5627469743190765,0.12188492659154128,0.10079557555908304,0.07679992884808226,1.3124436060151372
0.8,0.5627469743190765,0.029108961043132882,0.09177245986955601,0.08694001117657559,1.0555837137306745
0.8,0.5627469743190765,0.10706393285541195,0.08490198004235838,0.04137535568962454,2.051993961798104
0.8,0.5627469743190765,0.03289446437415018,0.17741746957712418,0.14933689397985006,1.1880350852955535
0.8,0.5627469743190765,0.08650056220436181,0.3527080874577057,0.1717513189701567,2.0535975477369806
0.8,0.5627469743190765,0.02345948308135518,0.09428943717115104,0.09165415829227234,1.028752420271813
0.8,0.5627469743190765,0.04229918414861695,0.08793213328265637,0.07722967598723701,1.1385795959727714
0.8,0.5627469743190765,0.027536560186011996,0.3078629392858262,0.16065689428831903,1.9162759285843494
0.8,0.5627469743190765,0.10642892581487126,0.07267283013189882,0.028773033378790048,2.5257270992313714
0.8,0.5627469743190765,0.03538045692421782,0.1555384682969933,0.15628263863460906,0.995238304496793
0.8,0.5627469743190765,0.11478597017309236,0.2080533914482978,0.14801854536211959,1.4055900288663568
0.8,0.5627469743190765,0.07514352138356754,0.20235973855846773,0.1330329408075916,1.5211250486535133
0.8,0.5627469743190765,0.09585874294996723,0.2547479179903632,0.16014937652577524,1.5906894145751658
0.8,0.5627469743190765,0.07741785995354025,0.07635055819590186,0.06764767767386258,1.1286501003626006
0.8,0.5627469743190765,0.13562301093786874,0.09052252982478068,0.0596780766423182,1.5168473067141448
0.8,0.5627469743190765,0.0916252031278433,0.3251717183900903,0.17711645365189882,1.8359204449134712
0.8,0.5627469743190765,0.023291823338091565,0.08876931690043663,0.06863688875298418,1.2933179011057248
0.8,0.5627469743190765,0.13741822051365027,0.40982941741143575,0.14505115107438316,2.8254130655004084
0.8,0.5627469743190765,0.25106047641227675,0.3751847539448682,0.11709408966254552,3.204130584439543
0.8,0.5627469743190765,0.23019859101253376,0.08081071870859624,0.02517631240948828,3.209791703972534
0.8,0.5627469743190765,0.08110963464960745,0.42387444717146017,0.1769116931682063,2.395966256274782
0.8,0.5627469743190765,0.042421899047683065,1.0527913258388988,0.20485744961014182,5.139141036083554
0.8,0.5627469743190765,0.022942657576957043,0.10640916362521725,0.10334775904136499,1.0296223605838124
0.8,0.5627469743190765,0.05156131920275835,0.1484230500514073,0.1203745798175014,1.2330099118637
0.8,0.5627469743190765,0.03604030850160772,0.09949605652177698,0.09529813273944693,1.0440504305977067
0.8,0.5627469743190765,0.07279389502999181,0.1022029242075789,0.07931434239522626,1.2885806163316338
0.8,0.5627469743190765,0.01760670002124181,0.12817266837610347,0.13141681780365608,0.9753140466968273
0.8,0.5627469743190765,0.10185842804855633,0.2903944243827469,0.15056584205060045,1.9286872801146653
0.8,0.5627469743190765,0.056619815285554556,0.12067024081633332,0.10869682132594984,1.11015427447026
0.8,0.5627469743190765,0.053018060713985626,0.2588758530290983,0.15358370412554687,1.685568495062995
0.8,0.5627469743190765,0.06382453469693034,0.1024111514323814,0.08928782167872674,1.1469778241524886
0.8,0.5627469743190765,0.017906313509189333,0.16116636880702317,0.12693176137919784,1.2697087557585556
0.8,0.5627469743190765,0.13627556245113498,0.101785747588766,0.08906580204643225,1.1428151462185512
0.8,0.5627469743190765,0.06705189127424364,0.17924108294958643,0.15063323360705871,1.1899172490524506
0.8,0.5627469743190765,0.05596042608026336,0.12419903114081042,0.10697939208087472,1.160962207066179
0.8,0.5627469743190765,0.1367361010045322,0.07655891493912138,0.03345236927925507,2.2885946971354914
0.8,0.5627469743190765,0.04235567530418665,0.08646828976845379,0.05894885555088029,1.466835767385183
0.8,0.5627469743190765,0.22703524180954768,0.07109800676663999,0.029261242294871894,2.429767200249734
0.8,0.5627469743190765,0.19355328890830015,0.06530255930899856,0.030460485235961437,2.1438450111064813
0.8,0.5627469743190765,0.07413043683840899,0.26702941447779033,0.13591841780194913,1.964630097937772
0.8,0.5627469743190765,0.1760408571930141,0.06454089650549817,0.02150721634782196,3.0008949304140997
0.8,0.5627469743190765,0.2537055173537667,1.3277279783985678,0.13492257017147707,9.840666218491977
0.8,0.5627469743190765,0.0950960313952587,0.11669249399451502,0.08519605088884517,1.3696936979715537
0.8,0.5627469743190765,0.10153795792268958,0.1998579396372279,0.12209367357405915,1.636922977143437
0.8,0.5627469743190765,0.04881486237163793,0.14328147041889,0.12151050895019296,1.1791693710839524
0.8,0.5627469743190765,0.08866989830508196,0.0823269875655557,0.059071896937325015,1.39367434996889
0.8,0.5627469743190765,0.07456417803261625,0.09335277457024724,0.07737476606520083,1.2065015420089586
0.8,0.5627469743190765,0.16163183861208624,0.06988504394400288,0.01903173579198736,3.6720268034314305
0.8,0.5627469743190765,0.04858501954907315,0.08214181832955324,0.061822318632903855,1.3286757945347376
0.8,0.5627469743190765,0.017380797881859887,0.12818314895332888,0.12337988422885524,1.0389306956680568
0.8,0.5627469743190765,0.12269349604720411,0.10156042378947998,0.08379441737565196,1.2120189741779894
0.8,0.5627469743190765,0.009039803722899848,0.1116576100749521,0.11344320905170255,0.9842599747338191
0.8,0.5627469743190765,0.21784936487914397,0.08401757726521622,0.0620319655288405,1.354423909494758
0.8,0.5627469743190765,0.037979740495316404,0.27003810098182607,0.17936614403254458,1.505513219556249
0.8,0.5627469743190765,0.053423959517313574,0.0752794427532498,0.05353312804308575,1.4062216333157607
0.8,0.5627469743190765,0.09518087416554967,0.3581588923943411,0.16814810723061208,2.130020362959737
0.8,0.5627469743190765,0.05113016693759514,0.8915069257380094,0.21181778126056586,4.208838938980905
0.8,0.5627469743190765,0.03746363576086469,0.12621153592093284,0.1209535556113472,1.0434710685685074
0.8,0.5627469743190765,0.03250899372785382,0.10731501385849569,0.09733091636220811,1.102578891368213
0.8,0.5627469743190765,0.03903609623760707,0.10925671976898103,0.1013541766692327,1.077969585067403
0.8,0.5627469743190765,0.1846289265495657,2.200300476899978,0.18813405925898774,11.69538618135601
0.8,0.5627469743190765,0.07559705574511126,0.17050870482426017,0.12665350973442466,1.346261190722578
0.8,0.5627469743190765,0.03047390828287966,0.1739273420602857,0.13626484939554367,1.276391841563021
0.8,0.5627469743190765,0.062125062275725465,0.07657144403602309,0.06953479507311247,1.10119608399668
0.8,0.5627469743190765,0.19605076593288223,0.2295246016390926,0.09701963232025254,2.3657541896412657
0.8,0.5627469743190765,0.11858653602948688,0.3831338317171578,0.15500258053265203,2.4717900205309733
0.8,0.5627469743190765,0.040915522075028604,1.0165388011550691,0.22117734741762643,4.596034869862344
0.8,0.5627469743190765,0.06109195368249234,0.08914591782557156,0.06102344627476569,1.4608469902565142
0.8,0.5627469743190765,0.04867369647398336,0.11637833582507483,0.11318478662074284,1.0282153573786632
0.8,0.5627469743190765,0.009055657834410981,0.1389752874782686,0.1327396342611379,1.0469765737403143
0.8,0.5627469743190765,0.06416249626606875,0.4814788695946557,0.17081713390368433,2.8186801791566105
0.8,0.5627469743190765,0.2531806855251688,0.06855064624885583,0.021995701686214404,3.1165473703355095
0.8,0.5627469743190765,0.056291380624432764,0.49779735615344883,0.19161029655351602,2.5979676724440326
0.8,0.5627469743190765,0.07602120385469043,0.16969015196058937,0.14885183763046997,1.1399936652569334
0.8,0.5627469743190765,0.0344782269589223,0.12059065811694068,0.11859889399238478,1.016794120564765
0.8,0.5627469743190765,0.058090509373382455,0.20616688448017043,0.1470896395042289,1.4016411024941224
0.8,0.5627469743190765,0.06901332630366598,0.07929178663175802,0.05095797866485725,1.5560229959914198
0.8,0.5627469743190765,0.03317509539763853,0.21041428730316597,0.1475182053763983,1.4263614905447497
0.8,0.5627469743190765,0.044281101603453096,0.17470004491214755,0.1398736583980605,1.2489845973355191
0.8,0.5627469743190765,0.07415701050040507,0.2512818894702384,0.15806461987717438,1.5897415225842404
0.8,0.5627469743190765,0.08376869104989239,0.09023810935174732,0.06250864150888574,1.4436101501089218
1.0,0.7703443758129529,0.08174911990390481,0.07129835475243551,0.04576769965516294,1.5578312934587815
1.0,0.7703443758129529,0.03113079310770247,0.12491188542444542,0.11353208990629028,1.1002341763244916
1.0,0.7703443758129529,0.0211397948355826,0.0739767146401829,0.04045891152753895,1.8284405548040898
1.0,0.7703443758129529,0.037396322852030955,0.08459102527103068,0.07365894221724224,1.1484148797785674
1.0,0.7703443758129529,0.1891288073762988,0.10252035880258312,0.07261403704549832,1.4118531756930988
1.0,0.7703443758129529,0.1264738801940452,0.7527777084482614,0.20313147783694038,3.705864381356681
1.0,0.7703443758129529,0.059787717587811956,0.07029472901601459,0.04437233349679505,1.584201764396544
1.0,0.7703443758129529,0.05267302060941342,0.0697758404564321,0.041808138377754246,1.6689535378489666
1.0,0.7703443758129529,0.09155988511909847,0.12969973988880493,0.10185371665758616,1.2733923134570737
1.0,0.7703443758129529,0.05236417847432477,0.18306666902820798,0.14186219894518956,1.2904541899772635
1.0,0.7703443758129529,0.2028065400249255,2.947077854355672,0.18363797662222137,16.048302799689292
1.0,0.7703443758129529,0.06493583763283774,0.2511336804595084,0.17004646694994832,1.476853268191849
1.0,0.7703443758129529,0.07952051563008201,0.08387777777576264,0.06723654632055498,1.2475027699351096
1.0,0.7703443758129529,0.05578611033861595,0.07644877457614144,0.056389898254641364,1.3557175476877024
1.0,0.7703443758129529,0.137255071612836,0.16300122404996695,0.14022480963077114,1.1624278505292243
1.0,0.7703443758129529,0.09951723778878753,0.4957530427258229,0.16008080537051167,3.096892482383432
1.0,0.7703443758129529,0.19541834981960068,0.07989308426838279,0.046959069124750424,1.70133449741392
1.0,0.7703443758129529,0.01849635141125969,0.14107554345777273,0.113502024130642,1.2429341638470988
1.0,0.7703443758129529,0.28988116229075456,0.27423004165635984,0.1388703562441126,1.9747197967455767
1.0,0.7703443758129529,0.1443629290273378,4.140258263047411,0.18321530555185564,22.59777506347901
1.0,0.7703443758129529,0.06829223542374648,0.4782221002023821,0.1990335205106088,2.4027214057990403
1.0,0.7703443758129529,0.15845744387711164,0.11011753700594816,0.08548447020187683,1.2881583841591207
1.0,0.7703443758129529,0.051294249317917984,0.1841978388164779,0.1547726246439938,1.1901189841560653
1.0,0.7703443758129529,0.23084416156037577,0.5047948183431293,0.1466158962712255,3.4429746786072006
1.0,0.7703443758129529,0.07518196762785437,0.31532355971193876,0.16659369271099073,1.8927700957980857
1.0,0.7703443758129529,0.22503736035100147,4.606939565608129,0.18794726256940905,24.511873717270998
1.0,0.7703443758129529,0.03708731597120214,0.3261482913113633,0.17186986642282193,1.8976467376136585
1.0,0.7703443758129529,0.12520881050393143,0.7451229493917544,0.185623771829934,4.01415692637916
1.0,0.7703443758129529,0.17835599516946604,0.06485656484659319,0.030330534711427427,2.1383257981982635
1.0,0.7703443758129529,0.15291266312234958,0.9521860964836335,0.1656806258647488,5.747117935569232
1.0,0.7703443758129529,0.181817122289667,0.17781377508676988,0.10356547101315004,1.7169214154801873
1.0,0.7703443758129529,0.07041603118837317,0.12477744473102231,0.10064869564469044,1.2397323575012942
1.0,0.7703443758129529,0.21310542797197646,1.2328642617016945,0.16305196464743454,7.561173913896121
1.0,0.7703443758129529,0.25837371442426077,0.6035404664765436,0.144312110594662,4.182188618748315
1.0,0.7703443758129529,0.10026334372781051,0.07688296294168058,0.04576367218977498,1.6799998615246312
1.0,0.7703443758129529,0.0979019889548877,0.13440092447806418,0.11530455174055276,1.1656168160688074
1.0,0.7703443758129529,0.08106613503879005,0.1505175181928212,0.11094505446883109,1.3566852431002916
1.0,0.7703443758129529,0.03268998392481132,0.17002981766086472,0.12885110344077438,1.319583714228865
1.0,0.7703443758129529,0.021026285327022932,0.07068968995691513,0.03287222895405968,2.1504379899430286
1.0,0.7703443758129529,0.04344022538615353,0.08495214585873541,0.0702385574344121,1.2094802194373464
1.0,0.7703443758129529,0.028403220908830212,0.3092145297294804,0.19564959724330433,1.5804506325916423
1.0,0.7703443758129529,0.16808532432594692,0.14952917719837183,0.11415488222319212,1.3098798254289026
1.0,0.7703443758129529,0.08097339894743433,5.928459786112269,0.2246471320221797,26.390097806932804
1.0,0.7703443758129529,0.09182262891585395,0.2610432373912444,0.1298332144357406,2.0106044399019685
1.0,0.7703443758129529,0.040927122373731355,0.09054464856244027,0.08760346046804908,1.0335738802859722
1.0,0.7703443758129529,0.218336607933614,0.09715932785147124,0.04071315769831986,2.3864355737624545
1.0,0.7703443758129529,0.1609230884418622,0.08604980292759543,0.05788901710842197,1.4864616334119187
1.0,0.7703443758129529,0.31499319016292004,3.2779126636979634,0.19242786543078366,17.03450098747278
1.0,0.7703443758129529,0.06566256659707582,1.0083942137391746,0.20984514200243876,4.805420817068309
1.0,0.7703443758129529,0.06922265415399204,0.08615279326089988,0.055189591887880356,1.5610333454888086
1.0,0.7703443758129529,0.17446142045857502,4.057231855835496,0.2489720393637973,16.295933736989152
1.0,0.7703443758129529,0.11884667934163379,0.08126458847343161,0.06472197567571318,1.2555949911140618
1.0,0.7703443758129529,0.0034223394847401785,0.10026329742332384,0.09810324634731016,1.0220181406471154
1.0,0.7703443758129529,0.12771112756932654,0.14284374211796846,0.1120874145725419,1.2743959048633544
1.0,0.7703443758129529,0.055322077861513066,0.12446523271316229,0.09789951705062182,1.271356963373005
1.0,0.7703443758129529,0.16740299023085473,0.39736719556643535,0.1782994864985097,2.2286502522807696
1.0,0.7703443758129529,0.11624779338460267,0.08927977430507221,0.07186303128904747,1.2423602609521316
1.0,0.7703443758129529,0.059809635239413315,0.08519475182972155,0.07256574777516188,1.1740353326708552
1.0,0.7703443758129529,0.09604179910863758,1.1772588112080147,0.21710036651531245,5.422647737100806
1.0,0.7703443758129529,0.05979127405407952,0.8522972164654367,0.18876960285533817,4.515013029500235
1.0,0.7703443758129529,0.025030942550068783,0.12302532571994453,0.11524604272978695,1.0675015194091946
1.0,0.7703443758129529,0.16577012447832273,6.151955577698514,0.22904304770431408,26.859385776425995
1.0,0.7703443758129529,0.09675508646785722,0.10966870433906512,0.09665737622935651,1.1346128833337485
1.0,0.7703443758129529,0.028520954515736392,0.07440467596194694,0.05733060384199772,1.29781776181889
1.0,0.7703443758129529,0.18342659605535003,2.6808080920853703,0.2141190953396323,12.5201728871174
1.0,0.7703443758129529,0.047664585473703856,0.1176559867563491,0.09814240161927863,1.1988293012511455
1.0,0.7703443758129529,0.11780764218678001,0.44528334527755314,0.18255202137882778,2.4392134467441
1.0,0.7703443758129529,0.0729856400157941,0.1224055215580522,0.10991672104485246,1.1136205701414945
1.0,0.7703443758129529,0.08555043069489811,0.1368427404817578,0.1181764805750106,1.1579524099543572
1.0,0.7703443758129529,0.19790705388026344,6.158886112872688,0.20734928219856763,29.702953622837445
1.0,0.7703443758129529,0.020196076368289545,0.09098557951713668,0.08331941417161987,1.0920093524628747
1.0,0.7703443758129529,0.05995259105814501,0.09335434242035834,0.08220218937880358,1.1356673481063075
1.0,0.7703443758129529,0.05534461533865514,0.07055494420807532,0.051706222022780836,1.3645348944076803
1.0,0.7703443758129529,0.11939710780396867,0.06930739111705884,0.06521248101813479,1.0627933492943675
1.0,0.7703443758129529,0.059917410958640546,0.15865396435597792,0.12188724846464612,1.3016453021498482
1.0,0.7703443758129529,0.09236526308860515,0.07656861754668332,0.056657509186129384,1.3514292923669238
1.0,0.7703443758129529,0.07116294713111729,0.14344387232394817,0.12360979745658032,1.1604571423582735
1.0,0.7703443758129529,0.16194388969626733,0.08337280071612546,0.06696039578170061,1.245106151820419
1.0,0.7703443758129529,0.22818555581783964,0.08272566577948787,0.05958838157876549,1.3882851587459026
1.0,0.7703443758129529,0.043997641148355374,0.37129752353495243,0.2276401217007927,1.6310724171153854
1.0,0.7703443758129529,0.05101645101514496,0.16369139847207495,0.12838609861309958,1.274993167020133
1.0,0.7703443758129529,0.14631440148036218,0.17298094852326665,0.13571739094851043,1.2745672998451139
1.0,0.7703443758129529,0.04943678259224888,0.3481115244223918,0.1767124803706865,1.9699317427505105
1.0,0.7703443758129529,0.05987353958298072,0.1308190266956432,0.12185181742727394,1.0735910998924676
1.0,0.7703443758129529,0.17302584463814372,0.662218558577369,0.18189942760144417,3.6405752745321522
1.0,0.7703443758129529,0.22705791983083384,6.740973422114946,0.23695283885248639,28.448586878131895
1.0,0.7703443758129529,0.22053058989878865,0.07060667566107225,0.04126136969550602,1.7112053279404917
1.0,0.7703443758129529,0.05673495864567099,0.09976136164030645,0.09551360543346,1.044472786757125
1.0,0.7703443758129529,0.04391823228632953,0.1145130602654288,0.09808209462953878,1.1675225809353955
1.0,0.7703443758129529,0.02942217110814006,0.14001059642344385,0.12028201476729276,1.1640193814039412
1.0,0.7703443758129529,0.07344249549297262,0.10712229205199632,0.09272769394200968,1.1552351568129018
1.0,0.7703443758129529,0.13760894205450797,0.07627376485392763,0.03286649226628392,2.320715099012043
1.0,0.7703443758129529,0.09988593013139968,0.12431413697353842,0.10161519902976271,1.2233813264207383
1.0,0.7703443758129529,0.15759259493054245,0.26154369768777663,0.15403625057636805,1.6979360164191257
1.0,0.7703443758129529,0.058649454265897565,0.08583855871735423,0.06664825040973807,1.2879341646575653
1.0,0.7703443758129529,0.2436763031320769,0.10693578996175418,0.0644363753966446,1.6595562569045847
1.0,0.7703443758129529,0.05563014734046298,0.20907502519987112,0.15827998880762942,1.3209188778372802
1.0,0.7703443758129529,0.21172803454803615,0.09678214534530456,0.07510676416477773,1.2885942620690318
1.0,0.7703443758129529,0.20808986690581693,0.10654246289390634,0.08570518171673923,1.2431274371021763
1.0,0.7703443758129529,0.047451018535102314,0.837613908443398,0.20992425718757549,3.990076800390711
1.5,0.8933210063693247,0.24091484199685687,0.14079712362361715,0.10237602344955048,1.375293929960076
1.5,0.8933210063693247,0.11042391402345118,0.0685251530202787,0.025148989525565442,2.724767647249557
1.5,0.8933210063693247,0.10168983268227066,8.092823247215401,0.22229826961364302,36.405246254416745
1.5,0.8933210063693247,0.29672671072321066,0.09142980116431804,0.057794358426717964,1.5819848797222849
1.5,0.8933210063693247,0.13354559556677517,0.23414281163975537,0.11588771094642529,2.020428307087705
1.5,0.8933210063693247,0.1725163959437262,5.406575342180878,0.2225118155702069,24.297924711665463
1.5,0.8933210063693247,0.09844014038767543,5.903474409274566,0.23139179808395055,25.51289396667701
1.5,0.8933210063693247,0.18642592849094608,0.08840449810939364,0.04428363984417153,1.9963241147402917
1.5,0.8933210063693247,0.13873631506519812,0.10737605015355968,0.06908835652896173,1.5541844610031768
1.5,0.8933210063693247,0.09385163491568554,8.453894224516082,0.24660535017625856,34.281065753333216
1.5,0.8933210063693247,0.14663815714948958,0.09466704912620298,0.07080072130735175,1.337091591415369
1.5,0.8933210063693247,0.18065126633994721,6.601961900450202,0.21726766240269146,30.386307043769335
1.5,0.8933210063693247,0.11414091690454348,7.758166846624453,0.20625788683358579,37.613916082074205
1.5,0.8933210063693247,0.10594656283446421,0.10982499929396011,0.09483310086105687,1.1580871899872638
1.5,0.8933210063693247,0.08524861998058801,0.16920296086388434,0.12665809272682657,1.3359032748804895
1.5,0.8933210063693247,0.12984302833394754,0.5701568760837405,0.176029141031024,3.2389914121279166
1.5,0.8933210063693247,0.0586906314104403,0.07282373164142932,0.048910354436168355,1.4889225907464991
1.5,0.8933210063693247,0.23506587320875977,0.5991784850762384,0.13687881534768304,4.377437688617318
1.5,0.8933210063693247,0.17026735372278656,0.15995647576827055,0.1008976326787581,1.5853342791257188
1.5,0.8933210063693247,0.07522200315036974,0.260323899420539,0.12495117465010452,2.083404979180972
1.5,0.8933210063693247,0.04835334082524867,0.10827334545293077,0.09669328688513465,1.1197607294242926
1.5,0.8933210063693247,0.2354181686789812,0.6940115275779216,0.16299651433028198,4.257830484470587
1.5,0.8933210063693247,0.07953717354168079,0.12294699728471055,0.11558334429941546,1.0637085994520088
1.5,0.8933210063693247,0.21593243328999825,0.06979030833951068,0.025604547280635236,2.725699758507084
1.5,0.8933210063693247,0.14728858946136647,0.23928155901764678,0.12882046318162257,1.8574809708631952
1.5,0.8933210063693247,0.18646642050381268,0.6206876803931046,0.14623621972611917,4.244418253942624
1.5,0.8933210063693247,0.14822321538714803,6.1414892604485205,0.26644270048928215,23.04994375590172
1.5,0.8933210063693247,0.0954069613776003,7.485070169512442,0.23562280925616658,31.767171409007158
1.5,0.8933210063693247,0.1357430929371907,0.25411334827911314,0.14759868630966338,1.7216504742188627
1.5,0.8933210063693247,0.12604717677947272,0.0921534580604873,0.06666381091239525,1.3823610861609563
1.5,0.8933210063693247,0.07129845080779929,1.5823304829851552,0.20566337192710182,7.69378848629409
1.5,0.8933210063693247,0.04995999053972538,0.09443118977510236,0.07825872792504435,1.2066537788034055
1.5,0.8933210063693247,0.14234037954140302,0.08798357008264475,0.04225451340720734,2.0822289262864264
1.5,0.8933210063693247,0.12326476595437277,0.16628432225469011,0.11744022558574635,1.415906018788097
1.5,0.8933210063693247,0.20921140314629114,4.61975405506858,0.23146318163739715,19.958915376466827
1.5,0.8933210063693247,0.05022114626096006,0.11809721948333698,0.11407123038675117,1.0352936413759715
1.5,0.8933210063693247,0.2222042291570683,0.08588416339660161,0.03428133798396014,2.50527454432455
1.5,0.8933210063693247,0.1285017204338006,0.0916280973446293,0.08071940407798893,1.1351433820807286
1.5,0.8933210063693247,0.28162266532496044,3.067673329309434,0.14784463078293897,20.749304949824655
1.5,0.8933210063693247,0.10132945779718575,4.717718865862224,0.21114996043483708,22.34297774030679
1.5,0.8933210063693247,0.28291868781128554,0.215773646370926,0.10782468317984129,2.0011526118842022
1.5,0.8933210063693247,0.16395282234313385,0.0835048821510605,0.055646620964873675,1.5006280831278516
1.5,0.8933210063693247,0.18840855259877728,0.19149145788393207,0.11678561257888499,1.6396836361549727
1.5,0.8933210063693247,0.18113916002839694,0.0725088635097723,0.031296013062381715,2.3168722279493505
1.5,0.8933210063693247,0.060517413775546064,0.29847185470383913,0.161794325535006,1.844760956336886
1.5,0.8933210063693247,0.14626749613510917,0.06840335768286188,0.0400344511334274,1.7086123512693148
1.5,0.8933210063693247,0.274024714106034,0.15187202583813553,0.08742408675456255,1.7371874442853077
1.5,0.8933210063693247,0.25749460677209707,2.4109539256178465,0.1607533471781798,14.997845879660181
1.5,0.8933210063693247,0.08927346855914293,0.2230373599770209,0.13592553717140457,1.6408790034485332
1.5,0.8933210063693247,0.09821190568455379,0.20753876300022084,0.12908814911090286,1.6077290164097022
1.5,0.8933210063693247,0.11456590753266525,0.08431646498180029,0.05840977039814042,1.4435335802053528
1.5,0.8933210063693247,0.1820394735469333,5.90855897874373,0.2081938391547583,28.380085610274353
1.5,0.8933210063693247,0.408120857809472,0.8770951304864453,0.11140484462327015,7.873042985271023
1.5,0.8933210063693247,0.24555026935053434,0.28485472885811536,0.12860648947356357,2.2149327769083555
1.5,0.8933210063693247,0.0896549139953563,0.11317193203205614,0.09131048788547451,1.2394187639650023
1.5,0.8933210063693247,0.14006192726396421,0.39019770392775216,0.1410216040030356,2.7669356527766684
1.5,0.8933210063693247,0.1629925682732798,0.15238227274440816,0.09219015485035396,1.6529126455179513
1.5,0.8933210063693247,0.15191201372404553,0.08471991835965673,0.05746346483512222,1.4743266630848042
1.5,0.8933210063693247,0.17507731832583184,3.250219569954435,0.19367791002164986,16.781570854369075
1.5,0.8933210063693247,0.22210729821219713,0.4249420381981952,0.14249812885115898,2.98208854827878
1.5,0.8933210063693247,0.171614982689402,0.07102196311799228,0.04387090002121352,1.6188854818034282
1.5,0.8933210063693247,0.1546681428929814,0.5374587168849388,0.15262241982891608,3.5214925663438543
1.5,0.8933210063693247,0.09015805472343565,0.21942363535477302,0.14145639828398568,1.5511750476939299
1.5,0.8933210063693247,0.01872763920597849,0.17333707085727923,0.13999909182762593,1.2381299663765015
1.5,0.8933210063693247,0.3544624531564794,3.6874386790769584,0.15623790038795873,23.601435182632226
1.5,0.8933210063693247,0.12907164900444115,4.842039757491492,0.24050045671633488,20.133183211383976
1.5,0.8933210063693247,0.16486036011444227,0.18114745511480468,0.10247953914323107,1.7676450990048167
1.5,0.8933210063693247,0.23150097759452756,0.32419487596667657,0.11560877940617656,2.804240972285155
1.5,0.8933210063693247,0.09900312780109641,1.2289711917267137,0.12209661010407728,10.0655635785393
1.5,0.8933210063693247,0.07295512770964194,0.24572025872991413,0.14217438551398107,1.7283018867400037
1.5,0.8933210063693247,0.1377082326297465,0.07669079096528532,0.05033209122611945,1.523695699841838
1.5,0.8933210063693247,0.14100540416513352,0.13433302919157003,0.08656979386942745,1.5517309581929177
1.5,0.8933210063693247,0.10537026670561657,0.0996979175494923,0.09016818653784839,1.1056883960690922
1.5,0.8933210063693247,0.13118777684464347,5.7969382631410475,0.22795854269591886,25.42979172697102
1.5,0.8933210063693247,0.11161015428807428,0.2225827846025018,0.11688655849091774,1.904263308597599
1.5,0.8933210063693247,0.08618959880246747,0.14700251277823276,0.10593761676981006,1.387632809388679
1.5,0.8933210063693247,0.19443041949278636,1.7912287910599196,0.17658338606370425,10.143812682432738
1.5,0.8933210063693247,0.054771443885111126,4.169876948608876,0.2202738274286069,18.93042399674277
1.5,0.8933210063693247,0.14386850279406835,2.0676315283861144,0.20219339138074408,10.226009437136458
1.5,0.8933210063693247,0.5033247451404067,0.5249133402663506,0.14090322692077942,3.725346478838804
1.5,0.8933210063693247,0.2063463198000876,0.07190290217630575,0.02245876338274508,3.2015521491957246
1.5,0.8933210063693247,0.14211023476362264,0.07359760554444866,0.03237803705810402,2.2730718793228277
1.5,0.8933210063693247,0.15631644045499551,0.08649306315630714,0.061017652632265586,1.4175088589129106
1.5,0.8933210063693247,0.139653703530618,0.2664470080394827,0.16435118158678919,1.6212053084557814
1.5,0.8933210063693247,0.15370852309336394,0.06965330855426058,0.02467780662236429,2.8225080786206176
1.5,0.8933210063693247,0.047506322653254454,0.1488810884827776,0.13809433582376637,1.0781114778869503
1.5,0.8933210063693247,0.24373401371576953,1.9751089437662666,0.15089253752561554,13.089507116486603
1.5,0.8933210063693247,0.1564783040746964,0.1300899891790704,0.08880773716788865,1.46484972286974
1.5,0.8933210063693247,0.14567068862726498,0.0860034878453832,0.05962544276340608,1.4423957937997252
1.5,0.8933210063693247,0.22860144871121685,0.07824918241819183,0.025773978688387156,3.035976065792595
1.5,0.8933210063693247,0.1549974792248347,7.406137273561298,0.21336966290309958,34.71035747441166
1.5,0.8933210063693247,0.19554109320573804,0.11613955105815288,0.09578364033132834,1.2125197022832994
1.5,0.8933210063693247,0.14973277570819676,3.4114998281370084,0.17946941012720724,19.008809499730067
1.5,0.8933210063693247,0.12638649569395197,0.19057234582190205,0.12512819712039214,1.5230167956351421
1.5,0.8933210063693247,0.34315424895559654,0.11377622663106306,0.06399946862407392,1.777768301474072
1.5,0.8933210063693247,0.1890568987619126,0.2672756662176781,0.13294774053770775,2.0103814110467804
1.5,0.8933210063693247,0.05990325014058756,0.08456942493652268,0.07057274330796477,1.198329850484617
1.5,0.8933210063693247,0.1703280956394854,0.5034400550995899,0.17325318332451808,2.905805512136556
1.5,0.8933210063693247,0.09560594274932922,0.11750923970235942,0.0968541207746647,1.2132600942787943
1.5,0.8933210063693247,0.23416858566772386,5.84469737958014,0.19040209696059218,30.696601943358985
2.0,0.2827652568394642,0.22082530363712863,7.0101807534219684,0.19014582103231428,36.86739322149302
2.0,0.2827652568394642,0.3672920023935411,3.5806800028296615,0.16183087006882302,22.126062853810765
2.0,0.2827652568394642,0.20537822577464213,0.07644893720972132,0.05979676583641007,1.2784794652417772
2.0,0.2827652568394642,0.05952454283705305,7.374955407885506,0.2615431564319095,28.197852731067393
2.0,0.2827652568394642,0.22231423456011665,3.709454665634581,0.16038679571044,23.12817990535565
2.0,0.2827652568394642,0.18837376865882088,0.0933292305015837,0.05549660693654379,1.6817105703110584
2.0,0.2827652568394642,0.26187488242014595,2.9958572721692263,0.19169745139407238,15.628049566557062
2.0,0.2827652568394642,0.23059938361987561,0.07866381681179767,0.02823849856351267,2.7856940281322253
2.0,0.2827652568394642,0.5176830416709541,0.5050293738218633,0.10557177153738967,4.783753899999683
2.0,0.2827652568394642,0.15005010371912195,0.2692144636700498,0.14670350303087545,1.8350922650660257
2.0,0.2827652568394642,0.27298628398532565,0.2311532782110916,0.10616620882752509,2.1772773160490013
2.0,0.2827652568394642,0.2739704653681611,0.09557662877874386,0.06317780971832959,1.5128195992368265
2.0,0.2827652568394642,0.2250320044732945,1.2350791874689258,0.1592474863528707,7.7557217118778174
2.0,0.2827652568394642,0.211174497523855,5.619286063797076,0.1876341063219091,29.94810577857582
2.0,0.2827652568394642,0.2994087630163357,0.0949026158757921,0.054010093966356344,1.7571273979806126
2.0,0.2827652568394642,0.2244375883602929,3.128421458912294,0.19639032651270508,15.92961076272719
2.0,0.2827652568394642,0.22058427608039483,0.13897825140551773,0.09586757975803731,1.4496897883130937
2.0,0.2827652568394642,0.5400194418157622,1.3273835081770318,0.1334278159597594,9.948326731042037
2.0,0.2827652568394642,0.4451907408692364,2.412860678301843,0.11626370892099516,20.75334341812076
2.0,0.2827652568394642,0.10458275675716354,0.07491371915293996,0.053126396067272465,1.4101035398312887
2.0,0.2827652568394642,0.11560333031020806,0.06764378868245513,0.010571963366575236,6.3984130796669785
2.0,0.2827652568394642,0.3238668826947672,0.13249217533156094,0.08368692376666244,1.5831885002844444
2.0,0.2827652568394642,0.2657282976015956,2.1654566767421963,0.180565171241424,11.992659834973825
2.0,0.2827652568394642,0.29638756060287635,0.08623643478336833,0.047478287294445816,1.8163341539377007
2.0,0.2827652568394642,0.060455067988674456,0.1803149889870084,0.14271651408352257,1.2634486635616808
2.0,0.2827652568394642,0.15662947095653718,0.09769574113514048,0.05716668946206452,1.708962720326333
2.0,0.2827652568394642,0.09915508565948575,0.08596040173321828,0.043537205113576234,1.974412494071954
2.0,0.2827652568394642,0.32917143844338986,1.3166738160806062,0.15867922377638674,8.297707694462154
2.0,0.2827652568394642,0.07611205302291248,0.1406083908992482,0.11933095507175832,1.1783060884302394
2.0,0.2827652568394642,0.1872920050297539,0.06534037429125537,0.01323973996992647,4.935170512387205
2.0,0.2827652568394642,0.2214083016946385,0.07727112616187157,0.023564907475158985,3.2790761535273223
2.0,0.2827652568394642,0.1617035868481832,1.3426882231482697,0.1677535692238326,8.003932371517703
2.0,0.2827652568394642,0.12333570118388129,0.9492507096710076,0.19732650726925782,4.810558514451011
2.0,0.2827652568394642,0.15326117324401603,0.06875768225260676,0.02236405635345273,3.074472768532057
2.0,0.2827652568394642,0.21914247384410052,0.10225499166272461,0.08120336431803678,1.2592457531961134
2.0,0.2827652568394642,0.37372637475730774,1.217974362388268,0.15543174833958665,7.836071944113004
2.0,0.2827652568394642,0.17253859228672458,0.10370159376410047,0.03892543643866429,2.664108697342558
2.0,0.2827652568394642,0.24052370976832105,2.1105916206370585,0.17708403821315363,11.918587592273948
2.0,0.2827652568394642,0.24584924831564406,2.0970960564966177,0.12902592339811958,16.253292371532687
2.0,0.2827652568394642,0.21701367448750744,2.142165072585911,0.1976272103959244,10.839423722544677
2.0,0.2827652568394642,0.22260053768733287,0.3438748235260006,0.11642127844971056,2.9537111093874566
2.0,0.2827652568394642,0.22537321928325488,0.40443389156684884,0.15815989831463148,2.5571203312378104
2.0,0.2827652568394642,0.22066398311093116,0.08215709236177828,0.036809821697055975,2.231933994082594
2.0,0.2827652568394642,0.1786498959719151,0.4186026522386414,0.14887450245012276,2.8117820402381213
2.0,0.2827652568394642,0.2444453740409167,0.14743158089338085,0.07258162213541769,2.031252217239143
2.0,0.2827652568394642,0.10342385097764163,0.21820515448890637,0.13718493460450523,1.5905912345111137
2.0,0.2827652568394642,0.22680736433249565,7.380843519887696,0.2071374187600976,35.63259387931275
2.0,0.2827652568394642,0.166995883362252,0.17438197530675334,0.11292640433741996,1.544209047741451
2.0,0.2827652568394642,0.48965140784994193,2.2658007697403955,0.11469879340680565,19.754355755986133
2.0,0.2827652568394642,0.2300573259715521,0.4203282041985566,0.10779456990465523,3.8993448795272223
2.0,0.2827652568394642,0.2649407461932121,0.09250967674042868,0.04554705202386966,2.031079348273682
2.0,0.2827652568394642,0.17873588358416376,0.08469513792043766,0.04444728665257083,1.9055187458903948
2.0,0.2827652568394642,0.18949233035287286,4.570728593085581,0.22376959567048668,20.426048406577255
2.0,0.2827652568394642,0.14955649444536653,0.2606629291357765,0.13178657582007497,1.9779171551710495
2.0,0.2827652568394642,0.16206432376669083,4.887333815824851,0.22557113755257152,21.66648565437948
2.0,0.2827652568394642,0.1183208665073142,4.69629776315897,0.22137245771883268,21.214462772617285
2.0,0.2827652568394642,0.11238980357980301,0.07762324428126657,0.012999828852095382,5.9710974016980884
2.0,0.2827652568394642,0.23937025009222812,4.174989322812462,0.19616654609880166,21.282881336503106
2.0,0.2827652568394642,0.32490326871026864,0.09678527627500415,0.046764533167977906,2.0696299036569457
2.0,0.2827652568394642,0.0631657266509603,9.060657943479214,0.24918663221364967,36.36093101379015
2.0,0.2827652568394642,0.054732129823619975,8.60252622997591,0.2440636238841381,35.24706424116566
2.0,0.2827652568394642,0.3157473473830904,0.08839087620915706,0.037464711427956515,2.3593102105999133
2.0,0.2827652568394642,0.3346289576537278,3.0590543055857347,0.17857228271491923,17.130622172027365
2.0,0.2827652568394642,0.23949990256039352,0.06918351600016609,0.02170021610459796,3.1881487109018747
2.0,0.2827652568394642,0.10527945639517097,9.722491392573655,0.24626078097001017,39.48047007029377
2.0,0.2827652568394642,0.24741436455279325,0.11383558907851579,0.06536494000724768,1.7415389513995372
2.0,0.2827652568394642,0.2862160833605229,1.409858262596586,0.13939403901591954,10.114193351091382
2.0,0.2827652568394642,0.28801595607578684,0.09103455901776604,0.03630838371078104,2.5072600241011327
2.0,0.2827652568394642,0.26101814314127525,0.08990459142038798,0.05202636419547768,1.728058318328591
2.0,0.2827652568394642,0.3926348644235372,0.1571302277866205,0.07309384915153845,2.149705202428969
2.0,0.2827652568394642,0.11193010040773683,2.576271534077246,0.2331788901858936,11.048476695396419
2.0,0.2827652568394642,0.0836932485703024,5.627463041133811,0.228572982298172,24.619983449281076
2.0,0.2827652568394642,0.15840887714927462,0.08374307460966421,0.026574466933583542,3.151260750364618
2.0,0.2827652568394642,0.2197563903392799,0.3024894160257696,0.11539552149813921,2.621327171961759
2.0,0.2827652568394642,0.1690690596735331,0.18849407125796938,0.12034552750092475,1.566274004295847
2.0,0.2827652568394642,0.06731330668728219,8.71630638252875,0.22936240256241927,38.00233292444986
2.0,0.2827652568394642,0.2417500830961636,2.634750922802599,0.21494773064325548,12.257635448942903
2.0,0.2827652568394642,0.31017656859587706,0.14655091933531178,0.07553103334497548,1.9402742534444715
2.0,0.2827652568394642,0.13308398281779527,9.290908932751725,0.232584822928955,39.946325025643276
2.0,0.2827652568394642,0.13100685180491894,0.07287866480494283,0.019664089241741546,3.70618053595084
2.0,0.2827652568394642,0.12154276902329608,1.6840170575219864,0.20923282644733288,8.048531801227087
2.0,0.2827652568394642,0.10578778287236026,0.09014155357654345,0.05465324148227386,1.6493359063758335
2.0,0.2827652568394642,0.5341262529985058,2.5285668698582535,0.14393812597005595,17.56704037111253
2.0,0.2827652568394642,0.21492940870614025,0.6143168200426565,0.1679294594384559,3.6581837522545952
2.0,0.2827652568394642,0.16708406827278696,6.5651820387212005,0.22096138710947485,29.711897289405115
2.0,0.2827652568394642,0.1830560715732629,0.35768343202194,0.15699985625084745,2.27824050647823
2.0,0.2827652568394642,0.08151320265168617,0.17413172463467727,0.10348482617395248,1.6826788145923066
2.0,0.2827652568394642,0.07572917076606665,7.618270415439815,0.22971808149566092,33.16356451280791
2.0,0.2827652568394642,0.2013629352205206,1.052351438319613,0.15942852848772862,6.600772448330122
2.0,0.2827652568394642,0.16514021492243625,0.06754678681711873,0.015454719082674755,4.370625338175243
2.0,0.2827652568394642,0.25665033620476657,0.2359047597811528,0.1167420065440054,2.0207358667612887
2.0,0.2827652568394642,0.19222554511018394,0.14929036066452694,0.06828869935336514,2.186164944978853
2.0,0.2827652568394642,0.29912370439944486,0.13262135975111677,0.05735565056546503,2.3122631936629223
2.0,0.2827652568394642,0.12126227222729595,0.07757704694807235,0.03087994559889319,2.5122144953148133
2.0,0.2827652568394642,0.180408223660781,0.07782773150340844,0.02493734869236728,3.1209304751482914
2.0,0.2827652568394642,0.19536574311634564,0.3348912386229831,0.12352198560548745,2.7111872998267734
2.0,0.2827652568394642,0.19615841985596175,5.581727847787887,0.23107403518480388,24.15558218526734
2.0,0.2827652568394642,0.1709289094611484,0.5305333773758442,0.1909969007838219,2.77770673345283
2.0,0.2827652568394642,0.1782368416615887,2.992230484238814,0.21969966080869877,13.619640891681978
2.0,0.2827652568394642,0.23053450836977832,3.0988286226999513,0.17819701258055987,17.389902208933066
