tau,icc,reliability,cf,no_pooling_mse,partial_pooling_mse,mse_ratio
0.2,0.03846153846153847,0.28571428571428575,0.11856476822195057,0.08881501212935078,0.028237203665652234,3.1453189622096134
0.2,0.03846153846153847,0.28571428571428575,0.11856476822195057,0.08198340808918243,0.024916474856042807,3.290329332814895
0.2,0.03846153846153847,0.28571428571428575,0.11856476822195057,0.09497672542960349,0.030152984819708906,3.149828317080033
0.2,0.03846153846153847,0.28571428571428575,0.11856476822195057,0.13126428275482044,0.01520748649874407,8.631556751055546
0.2,0.03846153846153847,0.28571428571428575,0.11856476822195057,0.07323205001285857,0.032076158094325374,2.28306799703092
0.2,0.03846153846153847,0.28571428571428575,0.11856476822195057,0.06509376855035266,0.03038241503097574,2.142481711344793
0.2,0.03846153846153847,0.28571428571428575,0.11856476822195057,0.11278157019233584,0.028693999910234667,3.930493153452215
0.2,0.03846153846153847,0.28571428571428575,0.11856476822195057,0.14862131609776513,0.03618797065312108,4.106925959523157
0.2,0.03846153846153847,0.28571428571428575,0.11856476822195057,0.0996745387005523,0.02657656792819275,3.750466913931965
0.2,0.03846153846153847,0.28571428571428575,0.11856476822195057,0.06145328307041885,0.018005956661097604,3.412941851803435
0.2,0.03846153846153847,0.28571428571428575,0.11856476822195057,0.09800936653852492,0.016405924735076006,5.974022685169344
0.2,0.03846153846153847,0.28571428571428575,0.11856476822195057,0.0753407096890544,0.025906524329167693,2.9081751273068166
0.2,0.03846153846153847,0.28571428571428575,0.11856476822195057,0.06846672875124586,0.02784844180816558,2.458547922461155
0.2,0.03846153846153847,0.28571428571428575,0.11856476822195057,0.1324991982461218,0.037737795830825906,3.5110476202717322
0.2,0.03846153846153847,0.28571428571428575,0.11856476822195057,0.15023983081020711,0.03441349329081481,4.3657245005785885
0.2,0.03846153846153847,0.28571428571428575,0.11856476822195057,0.08106632991301385,0.030661904498921488,2.6438778424825276
0.2,0.03846153846153847,0.28571428571428575,0.11856476822195057,0.07963072348108963,0.022131434440840356,3.5980823427397306
0.2,0.03846153846153847,0.28571428571428575,0.11856476822195057,0.10626958077988204,0.031120603220772466,3.414766096466566
0.2,0.03846153846153847,0.28571428571428575,0.11856476822195057,0.07647471357467614,0.023176627388762548,3.2996480588783066
0.2,0.03846153846153847,0.28571428571428575,0.11856476822195057,0.08385895528120191,0.023304104007893307,3.5984629682736626
0.2,0.03846153846153847,0.28571428571428575,0.11856476822195057,0.05973159913916535,0.014953915082406144,3.994378650005969
0.2,0.03846153846153847,0.28571428571428575,0.11856476822195057,0.07429273505509082,0.027480076896666882,2.703512633332622
0.2,0.03846153846153847,0.28571428571428575,0.11856476822195057,0.10410646433425907,0.028052794296968855,3.7110907110422127
0.2,0.03846153846153847,0.28571428571428575,0.11856476822195057,0.12899837183567928,0.0546284307746624,2.3613779492913958
0.2,0.03846153846153847,0.28571428571428575,0.11856476822195057,0.11220588677534257,0.035560094171779674,3.1553877847823206
0.2,0.03846153846153847,0.28571428571428575,0.11856476822195057,0.09370082153337521,0.03329764105793451,2.814037828395871
0.2,0.03846153846153847,0.28571428571428575,0.11856476822195057,0.09664700437416829,0.02634779560552519,3.668124871664831
0.2,0.03846153846153847,0.28571428571428575,0.11856476822195057,0.11489766564273657,0.045417426955027304,2.5298145083496064
0.2,0.03846153846153847,0.28571428571428575,0.11856476822195057,0.14123016727569757,0.024118901675682522,5.855580373217845
0.2,0.03846153846153847,0.28571428571428575,0.11856476822195057,0.07529666848972826,0.014278475842953001,5.273438798223704
0.2,0.03846153846153847,0.28571428571428575,0.11856476822195057,0.07828488811254321,0.022204324510436625,3.5256595207725065
0.2,0.03846153846153847,0.28571428571428575,0.11856476822195057,0.06503662282116755,0.02833505074331381,2.295271090577248
0.2,0.03846153846153847,0.28571428571428575,0.11856476822195057,0.10330481515082769,0.0255692607020552,4.040195622180202
0.2,0.03846153846153847,0.28571428571428575,0.11856476822195057,0.06197237792349503,0.014507771182068512,4.271667725232143
0.2,0.03846153846153847,0.28571428571428575,0.11856476822195057,0.09486673767365951,0.026939139088576113,3.5215207643324047
0.2,0.03846153846153847,0.28571428571428575,0.11856476822195057,0.07632498315778416,0.0345598635916494,2.208486238823765
0.2,0.03846153846153847,0.28571428571428575,0.11856476822195057,0.11173285417235718,0.039895123059525146,2.8006644823641027
0.2,0.03846153846153847,0.28571428571428575,0.11856476822195057,0.09966342596533492,0.0322469226417352,3.0906337039537135
0.2,0.03846153846153847,0.28571428571428575,0.11856476822195057,0.1119487085032775,0.013472455876606438,8.309450743695894
0.2,0.03846153846153847,0.28571428571428575,0.11856476822195057,0.10484495643711951,0.03915347807590443,2.677794198356097
0.2,0.03846153846153847,0.28571428571428575,0.11856476822195057,0.08151755768554128,0.023878443920835137,3.4138555240784823
0.2,0.03846153846153847,0.28571428571428575,0.11856476822195057,0.09586035808164714,0.020743471600857766,4.621230232150881
0.2,0.03846153846153847,0.28571428571428575,0.11856476822195057,0.13256293712250158,0.029630804233999494,4.47382177262654
0.2,0.03846153846153847,0.28571428571428575,0.11856476822195057,0.09078850662490648,0.027508839287074892,3.30033941735825
0.2,0.03846153846153847,0.28571428571428575,0.11856476822195057,0.08979173230471676,0.027711184652121634,3.2402704334706995
0.2,0.03846153846153847,0.28571428571428575,0.11856476822195057,0.0492481983687054,0.01933142421536095,2.547572171613319
0.2,0.03846153846153847,0.28571428571428575,0.11856476822195057,0.11396647563920889,0.022557156087361283,5.052342378526343
0.2,0.03846153846153847,0.28571428571428575,0.11856476822195057,0.10703332450201294,0.03552682734690211,3.0127464931468504
0.2,0.03846153846153847,0.28571428571428575,0.11856476822195057,0.06093853599308412,0.01720851873350163,3.5411842783684033
0.2,0.03846153846153847,0.28571428571428575,0.11856476822195057,0.10672290619566169,0.02501521642574051,4.266319522458517
0.2,0.03846153846153847,0.28571428571428575,0.11856476822195057,0.10155378816456187,0.02971819841703047,3.4172255915205447
0.2,0.03846153846153847,0.28571428571428575,0.11856476822195057,0.11987260099166479,0.018576566329990114,6.452893331430243
0.2,0.03846153846153847,0.28571428571428575,0.11856476822195057,0.08341236874839282,0.029912038388251214,2.788588583155715
0.2,0.03846153846153847,0.28571428571428575,0.11856476822195057,0.09524412870028237,0.01768963670975865,5.3841766375982205
0.2,0.03846153846153847,0.28571428571428575,0.11856476822195057,0.13641909038840155,0.04181185757176464,3.2626890626482172
0.2,0.03846153846153847,0.28571428571428575,0.11856476822195057,0.08237837686882245,0.031819845857776016,2.5888993063330985
0.2,0.03846153846153847,0.28571428571428575,0.11856476822195057,0.11672952636155215,0.02915041974357591,4.004385782035838
0.2,0.03846153846153847,0.28571428571428575,0.11856476822195057,0.14968885846122276,0.042827712266834427,3.49514019167307
0.2,0.03846153846153847,0.28571428571428575,0.11856476822195057,0.059006126391733485,0.024848260900727295,2.3746581954959436
0.2,0.03846153846153847,0.28571428571428575,0.11856476822195057,0.0991581850177694,0.03358906495448239,2.9520972123559206
0.2,0.03846153846153847,0.28571428571428575,0.11856476822195057,0.102309597889965,0.016177077661097074,6.32435598278674
0.2,0.03846153846153847,0.28571428571428575,0.11856476822195057,0.13648211926447204,0.023630200953152134,5.7757494121634245
0.2,0.03846153846153847,0.28571428571428575,0.11856476822195057,0.053892375836772276,0.022686422820958032,2.3755343123987687
0.2,0.03846153846153847,0.28571428571428575,0.11856476822195057,0.06536314860608508,0.027766266293581372,2.35404889930033
0.2,0.03846153846153847,0.28571428571428575,0.11856476822195057,0.07159396847477685,0.015470468554268419,4.62778281237148
0.2,0.03846153846153847,0.28571428571428575,0.11856476822195057,0.08741974217652895,0.02469375310119606,3.540156160883244
0.2,0.03846153846153847,0.28571428571428575,0.11856476822195057,0.145210054334744,0.034936102576971335,4.156446873683655
0.2,0.03846153846153847,0.28571428571428575,0.11856476822195057,0.12435035138918377,0.032497133210070105,3.8265021897577873
0.2,0.03846153846153847,0.28571428571428575,0.11856476822195057,0.11286262816311098,0.01674770727417136,6.7389897802411385
0.2,0.03846153846153847,0.28571428571428575,0.11856476822195057,0.09212742206694945,0.028741000421072187,3.2054354656146176
0.2,0.03846153846153847,0.28571428571428575,0.11856476822195057,0.0798883362910015,0.028902634252759928,2.7640503489183836
0.2,0.03846153846153847,0.28571428571428575,0.11856476822195057,0.09807367412490438,0.038894885829642505,2.5215056435558587
0.2,0.03846153846153847,0.28571428571428575,0.11856476822195057,0.11744836173449627,0.03634086175492904,3.2318540635202835
0.2,0.03846153846153847,0.28571428571428575,0.11856476822195057,0.09012141871713789,0.03877257397613291,2.3243599656967215
0.2,0.03846153846153847,0.28571428571428575,0.11856476822195057,0.07200002736707033,0.02196770668187773,3.2775395451937084
0.2,0.03846153846153847,0.28571428571428575,0.11856476822195057,0.09799749099976293,0.03472228144965388,2.822322926615751
0.2,0.03846153846153847,0.28571428571428575,0.11856476822195057,0.11598321925881921,0.02532949572354737,4.57897861547225
0.2,0.03846153846153847,0.28571428571428575,0.11856476822195057,0.06475212999349117,0.03913200301878046,1.6547103393203497
0.2,0.03846153846153847,0.28571428571428575,0.11856476822195057,0.09763107897289154,0.03692154384027692,2.6442848488471897
0.2,0.03846153846153847,0.28571428571428575,0.11856476822195057,0.07850773235378401,0.030981289661460885,2.5340369368626883
0.2,0.03846153846153847,0.28571428571428575,0.11856476822195057,0.10602965675087266,0.045282047579836456,2.341538477559623
0.2,0.03846153846153847,0.28571428571428575,0.11856476822195057,0.12994924469045147,0.03318630181350395,3.9157494987155625
0.2,0.03846153846153847,0.28571428571428575,0.11856476822195057,0.13670827689084902,0.03192643977123893,4.281976877797796
0.2,0.03846153846153847,0.28571428571428575,0.11856476822195057,0.11034136629369315,0.03317750738885195,3.325788311956467
0.2,0.03846153846153847,0.28571428571428575,0.11856476822195057,0.0914432376278194,0.02971941680738074,3.076885331246127
0.2,0.03846153846153847,0.28571428571428575,0.11856476822195057,0.114391214197047,0.04006956009195372,2.854815823646081
0.2,0.03846153846153847,0.28571428571428575,0.11856476822195057,0.07966532510770512,0.03026602022410489,2.632170484187311
0.2,0.03846153846153847,0.28571428571428575,0.11856476822195057,0.1404920819199021,0.026115310097737376,5.379682699309563
0.2,0.03846153846153847,0.28571428571428575,0.11856476822195057,0.10149831790767637,0.03212428284677807,3.1595512463823368
0.2,0.03846153846153847,0.28571428571428575,0.11856476822195057,0.09146040910898624,0.03073039619166821,2.9762196536139514
0.2,0.03846153846153847,0.28571428571428575,0.11856476822195057,0.07252639814039386,0.01965955513850896,3.6891169525158682
0.2,0.03846153846153847,0.28571428571428575,0.11856476822195057,0.054074194084490906,0.03008118235406488,1.7976086660431365
0.2,0.03846153846153847,0.28571428571428575,0.11856476822195057,0.11703255828964608,0.033499630046237246,3.49354778330728
0.2,0.03846153846153847,0.28571428571428575,0.11856476822195057,0.10249980164460923,0.03010659355605849,3.404563238074562
0.2,0.03846153846153847,0.28571428571428575,0.11856476822195057,0.0920783318123371,0.018414738231808614,5.0002520075624
0.2,0.03846153846153847,0.28571428571428575,0.11856476822195057,0.17003946160283026,0.042626683419517766,3.9890380382015165
0.2,0.03846153846153847,0.28571428571428575,0.11856476822195057,0.10805700712843772,0.04220409678579764,2.5603440271893376
0.2,0.03846153846153847,0.28571428571428575,0.11856476822195057,0.14563199222024434,0.037061659235032886,3.9294514931642435
0.2,0.03846153846153847,0.28571428571428575,0.11856476822195057,0.08526573244374148,0.02275134750633372,3.747722301723204
0.2,0.03846153846153847,0.28571428571428575,0.11856476822195057,0.09621439788097809,0.032309064368996616,2.9779382275552444
0.4,0.13793103448275862,0.6153846153846155,0.3366993786790095,0.09479697606471496,0.05766098924839731,1.6440400572445928
0.4,0.13793103448275862,0.6153846153846155,0.3366993786790095,0.10371561634137402,0.07347119654756157,1.4116500236148153
0.4,0.13793103448275862,0.6153846153846155,0.3366993786790095,0.08568633292222608,0.08142796882486114,1.052296086453096
0.4,0.13793103448275862,0.6153846153846155,0.3366993786790095,0.06698847068703556,0.0418436856870685,1.600921849667222
0.4,0.13793103448275862,0.6153846153846155,0.3366993786790095,0.10309983009846138,0.07390308059213797,1.3950680982766697
0.4,0.13793103448275862,0.6153846153846155,0.3366993786790095,0.07538664653282255,0.0561587363423899,1.3423850222199352
0.4,0.13793103448275862,0.6153846153846155,0.3366993786790095,0.12211625808517372,0.06410702063350668,1.9048811952016917
0.4,0.13793103448275862,0.6153846153846155,0.3366993786790095,0.11829666503409829,0.08126830617548492,1.4556309907414215
0.4,0.13793103448275862,0.6153846153846155,0.3366993786790095,0.10110793891851552,0.07551536913451366,1.3389054450414517
0.4,0.13793103448275862,0.6153846153846155,0.3366993786790095,0.12386965031024319,0.07307402692024698,1.6951255532343192
0.4,0.13793103448275862,0.6153846153846155,0.3366993786790095,0.04886782166639129,0.03721396942456435,1.3131580001281566
0.4,0.13793103448275862,0.6153846153846155,0.3366993786790095,0.07432245510475709,0.03809091614531293,1.951185810843314
0.4,0.13793103448275862,0.6153846153846155,0.3366993786790095,0.0838673561952492,0.04503198972799653,1.8623950818479733
0.4,0.13793103448275862,0.6153846153846155,0.3366993786790095,0.13411636005754846,0.09734311813112201,1.3777693033922807
0.4,0.13793103448275862,0.6153846153846155,0.3366993786790095,0.10099117275417974,0.06741996601564816,1.4979416146655977
0.4,0.13793103448275862,0.6153846153846155,0.3366993786790095,0.1051381276529027,0.061479023835090935,1.710146340887281
0.4,0.13793103448275862,0.6153846153846155,0.3366993786790095,0.07239495358946949,0.04805406560987522,1.5065312928401247
0.4,0.13793103448275862,0.6153846153846155,0.3366993786790095,0.06434729785459212,0.03625272355984171,1.7749645140005883
0.4,0.13793103448275862,0.6153846153846155,0.3366993786790095,0.09504041456114062,0.07187879396123617,1.322231625260649
0.4,0.13793103448275862,0.6153846153846155,0.3366993786790095,0.07013448550950727,0.059067852019220636,1.1873545949611568
0.4,0.13793103448275862,0.6153846153846155,0.3366993786790095,0.09009312845710694,0.030199010227011665,2.9833139490287888
0.4,0.13793103448275862,0.6153846153846155,0.3366993786790095,0.11805621636994428,0.06895472193146686,1.7120831331504565
0.4,0.13793103448275862,0.6153846153846155,0.3366993786790095,0.09579811011125525,0.08651087264306957,1.107353413327633
0.4,0.13793103448275862,0.6153846153846155,0.3366993786790095,0.1014240991810449,0.07469813364383569,1.3577862556063303
0.4,0.13793103448275862,0.6153846153846155,0.3366993786790095,0.08491351558454865,0.04674893289966252,1.8163733441103134
0.4,0.13793103448275862,0.6153846153846155,0.3366993786790095,0.1011648555438233,0.0509577412527687,1.9852696186435987
0.4,0.13793103448275862,0.6153846153846155,0.3366993786790095,0.09241783606358718,0.06944694934586419,1.3307688377112419
0.4,0.13793103448275862,0.6153846153846155,0.3366993786790095,0.16410667384178879,0.1280738274392304,1.2813443396126782
0.4,0.13793103448275862,0.6153846153846155,0.3366993786790095,0.09603539343555556,0.03922963844224726,2.448031571255394
0.4,0.13793103448275862,0.6153846153846155,0.3366993786790095,0.07156185742797795,0.05575229124244648,1.283568008295505
0.4,0.13793103448275862,0.6153846153846155,0.3366993786790095,0.07222302735776104,0.050479302406833654,1.4307453533269077
0.4,0.13793103448275862,0.6153846153846155,0.3366993786790095,0.14148636447223764,0.08939795350391287,1.5826577558740749
0.4,0.13793103448275862,0.6153846153846155,0.3366993786790095,0.12324801174457183,0.062025685150087585,1.987047969665157
0.4,0.13793103448275862,0.6153846153846155,0.3366993786790095,0.08842256069653619,0.06105885844605114,1.4481528634319685
0.4,0.13793103448275862,0.6153846153846155,0.3366993786790095,0.09794782042127431,0.050353326795367664,1.9452105085196711
0.4,0.13793103448275862,0.6153846153846155,0.3366993786790095,0.1725003932470085,0.08985621158418158,1.9197381038638814
0.4,0.13793103448275862,0.6153846153846155,0.3366993786790095,0.0859518346114354,0.047385805330504696,1.8138730367024858
0.4,0.13793103448275862,0.6153846153846155,0.3366993786790095,0.1491076845279404,0.06944757476334924,2.1470538753303097
0.4,0.13793103448275862,0.6153846153846155,0.3366993786790095,0.07495618903799921,0.06583880529448144,1.138480394696378
0.4,0.13793103448275862,0.6153846153846155,0.3366993786790095,0.11894276322238792,0.07738490556166726,1.5370279560217803
0.4,0.13793103448275862,0.6153846153846155,0.3366993786790095,0.11116758222017689,0.056342744120990856,1.9730594232587384
0.4,0.13793103448275862,0.6153846153846155,0.3366993786790095,0.10430293519118451,0.05440634293072139,1.9171098363291796
0.4,0.13793103448275862,0.6153846153846155,0.3366993786790095,0.15682491325471956,0.06412454143823182,2.445630171184642
0.4,0.13793103448275862,0.6153846153846155,0.3366993786790095,0.06303924047166035,0.05579325425314742,1.1298720842780767
0.4,0.13793103448275862,0.6153846153846155,0.3366993786790095,0.10348254638458276,0.07365714388103574,1.4049220609438546
0.4,0.13793103448275862,0.6153846153846155,0.3366993786790095,0.07474625331234236,0.05023561582408826,1.48791354671721
0.4,0.13793103448275862,0.6153846153846155,0.3366993786790095,0.09464667439317703,0.04501094146007365,2.102748161291674
0.4,0.13793103448275862,0.6153846153846155,0.3366993786790095,0.09186057465334356,0.06811037492145573,1.3487016443423832
0.4,0.13793103448275862,0.6153846153846155,0.3366993786790095,0.07133640460937664,0.03991735682947664,1.7871024104656865
0.4,0.13793103448275862,0.6153846153846155,0.3366993786790095,0.0709161474913653,0.060103943440158215,1.1798917580503203
0.4,0.13793103448275862,0.6153846153846155,0.3366993786790095,0.1278733157797514,0.07384282966176231,1.7316957701306432
0.4,0.13793103448275862,0.6153846153846155,0.3366993786790095,0.09374005844690944,0.053205443688170234,1.7618508924821112
0.4,0.13793103448275862,0.6153846153846155,0.3366993786790095,0.1700322940170977,0.10004977958317655,1.6994769476302651
0.4,0.13793103448275862,0.6153846153846155,0.3366993786790095,0.07232686646332608,0.056376578075494434,1.2829240250529652
0.4,0.13793103448275862,0.6153846153846155,0.3366993786790095,0.08764642371274362,0.05409543253220077,1.6202185583888498
0.4,0.13793103448275862,0.6153846153846155,0.3366993786790095,0.08516462984875428,0.09224062482125622,0.9232876513335225
0.4,0.13793103448275862,0.6153846153846155,0.3366993786790095,0.11861672571992526,0.08067922006097272,1.470226480006643
0.4,0.13793103448275862,0.6153846153846155,0.3366993786790095,0.13194993130792804,0.058659564473684936,2.2494188712758283
0.4,0.13793103448275862,0.6153846153846155,0.3366993786790095,0.10876342342477495,0.048682372472834363,2.2341438574191694
0.4,0.13793103448275862,0.6153846153846155,0.3366993786790095,0.1300583850812607,0.08364901211373518,1.5548107717569217
0.4,0.13793103448275862,0.6153846153846155,0.3366993786790095,0.12718424812973267,0.07896249568078388,1.6106918484933843
0.4,0.13793103448275862,0.6153846153846155,0.3366993786790095,0.075333432508605,0.03786544558688609,1.9895033939517448
0.4,0.13793103448275862,0.6153846153846155,0.3366993786790095,0.07098267766242082,0.058574185432277756,1.2118423352978507
0.4,0.13793103448275862,0.6153846153846155,0.3366993786790095,0.15497968260437897,0.08089897629970305,1.9157187110777796
0.4,0.13793103448275862,0.6153846153846155,0.3366993786790095,0.12490292134982126,0.07180330518833021,1.7395149293227943
0.4,0.13793103448275862,0.6153846153846155,0.3366993786790095,0.1198492293447171,0.06877655868645602,1.742588341633887
0.4,0.13793103448275862,0.6153846153846155,0.3366993786790095,0.08815521379742446,0.07760034659714847,1.136015722391939
0.4,0.13793103448275862,0.6153846153846155,0.3366993786790095,0.08379639087378912,0.04239338065192904,1.9766385597270386
0.4,0.13793103448275862,0.6153846153846155,0.3366993786790095,0.05685135041984493,0.04335460403831174,1.3113105673761047
0.4,0.13793103448275862,0.6153846153846155,0.3366993786790095,0.0636349298872086,0.037904664767642385,1.6788152665982965
0.4,0.13793103448275862,0.6153846153846155,0.3366993786790095,0.09100155871204546,0.07554868568082017,1.2045419174664527
0.4,0.13793103448275862,0.6153846153846155,0.3366993786790095,0.06798362897121916,0.029413670921138262,2.311293587036171
0.4,0.13793103448275862,0.6153846153846155,0.3366993786790095,0.06887668332435481,0.03897998269975301,1.766975728411271
0.4,0.13793103448275862,0.6153846153846155,0.3366993786790095,0.09715119118074086,0.06311602240880547,1.5392476818562486
0.4,0.13793103448275862,0.6153846153846155,0.3366993786790095,0.11741191852025007,0.06637588824075821,1.7688941215275986
0.4,0.13793103448275862,0.6153846153846155,0.3366993786790095,0.11092725654676126,0.04825311155953911,2.298862248704709
0.4,0.13793103448275862,0.6153846153846155,0.3366993786790095,0.09364530829106539,0.05037746598430769,1.8588729397432457
0.4,0.13793103448275862,0.6153846153846155,0.3366993786790095,0.11895343526662262,0.07484769105681047,1.5892732773324332
0.4,0.13793103448275862,0.6153846153846155,0.3366993786790095,0.08906471544765963,0.07087659166860366,1.2566167947818065
0.4,0.13793103448275862,0.6153846153846155,0.3366993786790095,0.07160523805615532,0.07706647104716806,0.92913607024162
0.4,0.13793103448275862,0.6153846153846155,0.3366993786790095,0.08055596504488778,0.06280377970376647,1.2826610981831827
0.4,0.13793103448275862,0.6153846153846155,0.3366993786790095,0.07716914394173507,0.050520130093695347,1.5274929775243273
0.4,0.13793103448275862,0.6153846153846155,0.3366993786790095,0.08736374548829612,0.05052367589879987,1.7291644745581811
0.4,0.13793103448275862,0.6153846153846155,0.3366993786790095,0.07724924227312097,0.04862207650911641,1.5887688848220438
0.4,0.13793103448275862,0.6153846153846155,0.3366993786790095,0.11961116908564882,0.0701076356053659,1.7061075880370158
0.4,0.13793103448275862,0.6153846153846155,0.3366993786790095,0.08284263534035595,0.06191571701677106,1.3379904058595724
0.4,0.13793103448275862,0.6153846153846155,0.3366993786790095,0.08180454618465469,0.05577825628401609,1.4666027881566592
0.4,0.13793103448275862,0.6153846153846155,0.3366993786790095,0.06952350466164735,0.05566211458985046,1.249027371200957
0.4,0.13793103448275862,0.6153846153846155,0.3366993786790095,0.1055109420027274,0.061669817707615454,1.710900825148671
0.4,0.13793103448275862,0.6153846153846155,0.3366993786790095,0.1099491721276455,0.08135931360841057,1.3514024055910845
0.4,0.13793103448275862,0.6153846153846155,0.3366993786790095,0.11291782602622326,0.06612821281607081,1.707559016305086
0.4,0.13793103448275862,0.6153846153846155,0.3366993786790095,0.05423098058432378,0.049362600778723044,1.0986248643466772
0.4,0.13793103448275862,0.6153846153846155,0.3366993786790095,0.12713193796102437,0.08245101412013198,1.5419087238368205
0.4,0.13793103448275862,0.6153846153846155,0.3366993786790095,0.0479603943085797,0.05361286213371734,0.894568810539537
0.4,0.13793103448275862,0.6153846153846155,0.3366993786790095,0.11193945376031285,0.06941207470428058,1.6126798433444554
0.4,0.13793103448275862,0.6153846153846155,0.3366993786790095,0.10224920763699023,0.06412372704257267,1.5945612077274531
0.4,0.13793103448275862,0.6153846153846155,0.3366993786790095,0.08782255592045005,0.05064565938098221,1.7340588906110288
0.4,0.13793103448275862,0.6153846153846155,0.3366993786790095,0.11797470642424714,0.07772792491433433,1.5177905052047853
0.4,0.13793103448275862,0.6153846153846155,0.3366993786790095,0.14307298526994627,0.06623949593041635,2.159934692441537
0.4,0.13793103448275862,0.6153846153846155,0.3366993786790095,0.049467747667541175,0.047164967335279334,1.048823956897758
0.6,0.2647058823529412,0.782608695652174,0.5377457401373305,0.0976643529581699,0.05530671236514597,1.7658679892843805
0.6,0.2647058823529412,0.782608695652174,0.5377457401373305,0.15757977528063447,0.09711260203115583,1.6226501193952094
0.6,0.2647058823529412,0.782608695652174,0.5377457401373305,0.06127480020885569,0.05476841425252639,1.1187981438777765
0.6,0.2647058823529412,0.782608695652174,0.5377457401373305,0.0949327088666514,0.0755998601822768,1.2557259846481421
0.6,0.2647058823529412,0.782608695652174,0.5377457401373305,0.07136629697069535,0.07294822122787262,0.9783144231545315
0.6,0.2647058823529412,0.782608695652174,0.5377457401373305,0.07182325555451223,0.06739083570136356,1.065771848753895
0.6,0.2647058823529412,0.782608695652174,0.5377457401373305,0.14786401428900944,0.12179621079663613,1.2140280335641875
0.6,0.2647058823529412,0.782608695652174,0.5377457401373305,0.09313873617634069,0.05959566030124533,1.562844269289763
0.6,0.2647058823529412,0.782608695652174,0.5377457401373305,0.08071929547888489,0.060600239260765236,1.331996316574701
0.6,0.2647058823529412,0.782608695652174,0.5377457401373305,0.1484324409326039,0.09585989857353545,1.5484310242487824
0.6,0.2647058823529412,0.782608695652174,0.5377457401373305,0.10035152319804384,0.09368145334753608,1.0711994702490724
0.6,0.2647058823529412,0.782608695652174,0.5377457401373305,0.10096391591925852,0.07372823798501353,1.3694063316660448
0.6,0.2647058823529412,0.782608695652174,0.5377457401373305,0.12798053420062122,0.10523687214852134,1.2161187575016639
0.6,0.2647058823529412,0.782608695652174,0.5377457401373305,0.09855786957085974,0.07298963902274622,1.3502994519557157
0.6,0.2647058823529412,0.782608695652174,0.5377457401373305,0.07105610769918493,0.07144906088926448,0.9945002329605344
0.6,0.2647058823529412,0.782608695652174,0.5377457401373305,0.10942966105871071,0.08319115365897711,1.3154002107879437
0.6,0.2647058823529412,0.782608695652174,0.5377457401373305,0.07286261254573567,0.06560591868931027,1.1106103534772662
0.6,0.2647058823529412,0.782608695652174,0.5377457401373305,0.0808040806854076,0.06034231068633508,1.3390949031672768
0.6,0.2647058823529412,0.782608695652174,0.5377457401373305,0.10138382085065126,0.07256731894375844,1.3971002694646382
0.6,0.2647058823529412,0.782608695652174,0.5377457401373305,0.10971453391224212,0.06945994036559014,1.5795368284910558
0.6,0.2647058823529412,0.782608695652174,0.5377457401373305,0.08459923944667923,0.07489347984563072,1.1295941865841175
0.6,0.2647058823529412,0.782608695652174,0.5377457401373305,0.06856139359324627,0.05979922402452629,1.146526476081466
0.6,0.2647058823529412,0.782608695652174,0.5377457401373305,0.13660087406364313,0.0897662072613074,1.5217405105019204
0.6,0.2647058823529412,0.782608695652174,0.5377457401373305,0.08427265634142758,0.07701166326973308,1.0942843299756155
0.6,0.2647058823529412,0.782608695652174,0.5377457401373305,0.12209686409902153,0.08287650742798301,1.47323853149965
0.6,0.2647058823529412,0.782608695652174,0.5377457401373305,0.09523540246263028,0.07525494059088927,1.26550365617005
0.6,0.2647058823529412,0.782608695652174,0.5377457401373305,0.09295726402076432,0.07972219804034926,1.166014815267844
0.6,0.2647058823529412,0.782608695652174,0.5377457401373305,0.10301386849269026,0.08169727002856578,1.2609217964892958
0.6,0.2647058823529412,0.782608695652174,0.5377457401373305,0.0704032396095947,0.05105029533771633,1.3790956378185784
0.6,0.2647058823529412,0.782608695652174,0.5377457401373305,0.10651665474041053,0.0770999882124615,1.38153918320826
0.6,0.2647058823529412,0.782608695652174,0.5377457401373305,0.11020469538709038,0.08118041250229176,1.357528152298798
0.6,0.2647058823529412,0.782608695652174,0.5377457401373305,0.07884336315998539,0.05776493179532436,1.36490013420854
0.6,0.2647058823529412,0.782608695652174,0.5377457401373305,0.10467872022133166,0.06014124034376388,1.7405480768769335
0.6,0.2647058823529412,0.782608695652174,0.5377457401373305,0.0778805637126496,0.07988563292482412,0.9749007532548265
0.6,0.2647058823529412,0.782608695652174,0.5377457401373305,0.11777445191916357,0.10029937158588166,1.1742292105820304
0.6,0.2647058823529412,0.782608695652174,0.5377457401373305,0.13604937680978765,0.0835164833578686,1.6290122780531278
0.6,0.2647058823529412,0.782608695652174,0.5377457401373305,0.09504170529103625,0.08244256110679894,1.1528232992169656
0.6,0.2647058823529412,0.782608695652174,0.5377457401373305,0.10518750822564675,0.07464153401363448,1.4092356168139921
0.6,0.2647058823529412,0.782608695652174,0.5377457401373305,0.09390914789136574,0.07523207545593746,1.2482594335227029
0.6,0.2647058823529412,0.782608695652174,0.5377457401373305,0.12347237193816415,0.10105099892058439,1.2218817553223857
0.6,0.2647058823529412,0.782608695652174,0.5377457401373305,0.08975427996118118,0.04747061171831536,1.890733586787796
0.6,0.2647058823529412,0.782608695652174,0.5377457401373305,0.08681001469189523,0.06609338070191643,1.3134449133932424
0.6,0.2647058823529412,0.782608695652174,0.5377457401373305,0.08346796264419633,0.07769761871797629,1.0742666766553683
0.6,0.2647058823529412,0.782608695652174,0.5377457401373305,0.09120708098129,0.09497660943068906,0.9603109810721351
0.6,0.2647058823529412,0.782608695652174,0.5377457401373305,0.11355255849237153,0.07547480856987202,1.504509393849584
0.6,0.2647058823529412,0.782608695652174,0.5377457401373305,0.07597201604871837,0.06413874871011814,1.184494826864832
0.6,0.2647058823529412,0.782608695652174,0.5377457401373305,0.1002272569031794,0.06559849891447671,1.5278894877434548
0.6,0.2647058823529412,0.782608695652174,0.5377457401373305,0.09260836551025346,0.058750050785493994,1.5763112418129082
0.6,0.2647058823529412,0.782608695652174,0.5377457401373305,0.08759550099870884,0.06350594102068972,1.379327659599138
0.6,0.2647058823529412,0.782608695652174,0.5377457401373305,0.11169451438372487,0.08873532670445064,1.2587378503236262
0.6,0.2647058823529412,0.782608695652174,0.5377457401373305,0.1393931398332263,0.09311408093320024,1.4970146130017274
0.6,0.2647058823529412,0.782608695652174,0.5377457401373305,0.10015010293745642,0.09435579399605795,1.0614091482462704
0.6,0.2647058823529412,0.782608695652174,0.5377457401373305,0.10108575962133379,0.06833577587671784,1.4792509241967053
0.6,0.2647058823529412,0.782608695652174,0.5377457401373305,0.08171149445027219,0.06638329580594562,1.2309044535711904
0.6,0.2647058823529412,0.782608695652174,0.5377457401373305,0.11073207834622582,0.08122312277131209,1.3633073263878037
0.6,0.2647058823529412,0.782608695652174,0.5377457401373305,0.16453781786086136,0.12560303339915133,1.3099828356691035
0.6,0.2647058823529412,0.782608695652174,0.5377457401373305,0.08290106901232282,0.05261506726337647,1.5756146161962126
0.6,0.2647058823529412,0.782608695652174,0.5377457401373305,0.11558054707058003,0.07870842853395914,1.468464676825713
0.6,0.2647058823529412,0.782608695652174,0.5377457401373305,0.05460358105607114,0.028299097796037183,1.9295166739809444
0.6,0.2647058823529412,0.782608695652174,0.5377457401373305,0.11880645596402181,0.09895767218417381,1.200578523541931
0.6,0.2647058823529412,0.782608695652174,0.5377457401373305,0.08981286480899985,0.07121454363808265,1.2611590304564078
0.6,0.2647058823529412,0.782608695652174,0.5377457401373305,0.08489667471148642,0.08149274943694398,1.0417696702843025
0.6,0.2647058823529412,0.782608695652174,0.5377457401373305,0.10329297593509632,0.06138125054806031,1.682809897367926
0.6,0.2647058823529412,0.782608695652174,0.5377457401373305,0.15492584439425974,0.11475543249710952,1.3500523768071897
0.6,0.2647058823529412,0.782608695652174,0.5377457401373305,0.08892344770213427,0.0772027210920799,1.1518175323907953
0.6,0.2647058823529412,0.782608695652174,0.5377457401373305,0.10709500572119815,0.09095489225823182,1.177451845219525
0.6,0.2647058823529412,0.782608695652174,0.5377457401373305,0.11527352878864713,0.08715019936268273,1.322699542073643
0.6,0.2647058823529412,0.782608695652174,0.5377457401373305,0.14535697689124177,0.08320190308063516,1.7470390881608682
0.6,0.2647058823529412,0.782608695652174,0.5377457401373305,0.06094871602206793,0.0393433113698805,1.5491506408565185
0.6,0.2647058823529412,0.782608695652174,0.5377457401373305,0.08415341646532873,0.06134829139825055,1.3717320327478346
0.6,0.2647058823529412,0.782608695652174,0.5377457401373305,0.09329666026451822,0.08974819093670841,1.0395380596619739
0.6,0.2647058823529412,0.782608695652174,0.5377457401373305,0.049029098487404804,0.036996501036909483,1.3252360929616296
0.6,0.2647058823529412,0.782608695652174,0.5377457401373305,0.07508831252756534,0.04900569358360252,1.5322365022640994
0.6,0.2647058823529412,0.782608695652174,0.5377457401373305,0.10558992136396525,0.08479296635450989,1.2452674544077822
0.6,0.2647058823529412,0.782608695652174,0.5377457401373305,0.1217920331404767,0.08122962851092523,1.4993547966810645
0.6,0.2647058823529412,0.782608695652174,0.5377457401373305,0.10276334339041523,0.07701288099888179,1.3343656549078762
0.6,0.2647058823529412,0.782608695652174,0.5377457401373305,0.13106568764980103,0.10630501288560314,1.2329210456974717
0.6,0.2647058823529412,0.782608695652174,0.5377457401373305,0.0845635535559358,0.07433251677189691,1.1376387781330575
0.6,0.2647058823529412,0.782608695652174,0.5377457401373305,0.08316111638027746,0.08704466045998883,0.9553844651792686
0.6,0.2647058823529412,0.782608695652174,0.5377457401373305,0.06704524465534648,0.044374523223319064,1.510894986249989
0.6,0.2647058823529412,0.782608695652174,0.5377457401373305,0.1228115103987205,0.07664062532953543,1.6024335640616432
0.6,0.2647058823529412,0.782608695652174,0.5377457401373305,0.0991876394619314,0.08480707338017598,1.1695680030991016
0.6,0.2647058823529412,0.782608695652174,0.5377457401373305,0.07352806724910127,0.05385804882407405,1.3652196626966349
0.6,0.2647058823529412,0.782608695652174,0.5377457401373305,0.10310038366654643,0.09277488733053797,1.1112962422602664
0.6,0.2647058823529412,0.782608695652174,0.5377457401373305,0.0946506407406976,0.06759750092293346,1.4002091711734561
0.6,0.2647058823529412,0.782608695652174,0.5377457401373305,0.07688598706386844,0.07521916844695187,1.022159492737441
0.6,0.2647058823529412,0.782608695652174,0.5377457401373305,0.07046532705865628,0.06051024075296529,1.1645190331721353
0.6,0.2647058823529412,0.782608695652174,0.5377457401373305,0.09802676612937172,0.06273409525244145,1.562575593621186
0.6,0.2647058823529412,0.782608695652174,0.5377457401373305,0.1169592966204843,0.08965914290152269,1.3044882299281713
0.6,0.2647058823529412,0.782608695652174,0.5377457401373305,0.06346037724106995,0.048646462148723854,1.304521941329596
0.6,0.2647058823529412,0.782608695652174,0.5377457401373305,0.1385082532053458,0.09611653370144566,1.441045030146177
0.6,0.2647058823529412,0.782608695652174,0.5377457401373305,0.12102845072338683,0.09952503110724051,1.2160604159266817
0.6,0.2647058823529412,0.782608695652174,0.5377457401373305,0.1313033050207349,0.09503987492955007,1.3815601621747262
0.6,0.2647058823529412,0.782608695652174,0.5377457401373305,0.06937496836811258,0.0780319503500908,0.889058495358137
0.6,0.2647058823529412,0.782608695652174,0.5377457401373305,0.10611492175356277,0.06836670786421889,1.552143215149609
0.6,0.2647058823529412,0.782608695652174,0.5377457401373305,0.08099554499269963,0.059037752324313075,1.371927991901952
0.6,0.2647058823529412,0.782608695652174,0.5377457401373305,0.17235153523823474,0.12252938902039537,1.4066138468179772
0.6,0.2647058823529412,0.782608695652174,0.5377457401373305,0.10083405811440699,0.059691954785132194,1.6892403419752353
0.6,0.2647058823529412,0.782608695652174,0.5377457401373305,0.10632154149387599,0.08838764617360234,1.202900474179951
0.6,0.2647058823529412,0.782608695652174,0.5377457401373305,0.10704086501418536,0.09977516821595561,1.072820692043372
0.8,0.39024390243902446,0.8648648648648649,0.7052736793643138,0.1520390552818551,0.13509611945080477,1.1254139341672216
0.8,0.39024390243902446,0.8648648648648649,0.7052736793643138,0.09031755440792735,0.08768050964168471,1.0300756094714685
0.8,0.39024390243902446,0.8648648648648649,0.7052736793643138,0.058093314230865147,0.06054359767341813,0.9595286118315894
0.8,0.39024390243902446,0.8648648648648649,0.7052736793643138,0.13087016006263005,0.12173896390507137,1.0750063567542676
0.8,0.39024390243902446,0.8648648648648649,0.7052736793643138,0.07105393413234413,0.07278060001138562,0.976275739980553
0.8,0.39024390243902446,0.8648648648648649,0.7052736793643138,0.0664740239371216,0.04550856910043746,1.460692464103043
0.8,0.39024390243902446,0.8648648648648649,0.7052736793643138,0.09201249235080987,0.10422596666520996,0.882817356315517
0.8,0.39024390243902446,0.8648648648648649,0.7052736793643138,0.05900520560774826,0.05670854320654046,1.040499407520363
0.8,0.39024390243902446,0.8648648648648649,0.7052736793643138,0.10670187275330528,0.0924428315153282,1.1542471277030577
0.8,0.39024390243902446,0.8648648648648649,0.7052736793643138,0.09187159265127479,0.08508903277980426,1.079711328826861
0.8,0.39024390243902446,0.8648648648648649,0.7052736793643138,0.10148073373013032,0.0791947792642561,1.2814068638478144
0.8,0.39024390243902446,0.8648648648648649,0.7052736793643138,0.10626722900231454,0.0900808950541907,1.1796866465235107
0.8,0.39024390243902446,0.8648648648648649,0.7052736793643138,0.10062639569326359,0.07746473780636522,1.2989961438299118
0.8,0.39024390243902446,0.8648648648648649,0.7052736793643138,0.0673191982930636,0.06709702501910524,1.0033112239163375
0.8,0.39024390243902446,0.8648648648648649,0.7052736793643138,0.10994544236886895,0.09458717155728422,1.1623716045075247
0.8,0.39024390243902446,0.8648648648648649,0.7052736793643138,0.09425231850322312,0.09052448180432772,1.0411804257212238
0.8,0.39024390243902446,0.8648648648648649,0.7052736793643138,0.10819370261490811,0.07134257633377386,1.5165376437868952
0.8,0.39024390243902446,0.8648648648648649,0.7052736793643138,0.09311027796089212,0.06718183510015761,1.3859442485022813
0.8,0.39024390243902446,0.8648648648648649,0.7052736793643138,0.119935380464511,0.09566851763809471,1.2536556792717914
0.8,0.39024390243902446,0.8648648648648649,0.7052736793643138,0.11173942341121063,0.10175998489040108,1.098068396251805
0.8,0.39024390243902446,0.8648648648648649,0.7052736793643138,0.09602259640359721,0.07513650989897003,1.2779752018387733
0.8,0.39024390243902446,0.8648648648648649,0.7052736793643138,0.08466488863215367,0.08778370851389679,0.9644715410804342
0.8,0.39024390243902446,0.8648648648648649,0.7052736793643138,0.10348702658329573,0.09101927122255969,1.1369792923330486
0.8,0.39024390243902446,0.8648648648648649,0.7052736793643138,0.11758761470813667,0.09679975507513526,1.2147511594101248
0.8,0.39024390243902446,0.8648648648648649,0.7052736793643138,0.1270416804929602,0.09161867050847872,1.3866352762803222
0.8,0.39024390243902446,0.8648648648648649,0.7052736793643138,0.07321924278735961,0.06729094695510267,1.0880994561751727
0.8,0.39024390243902446,0.8648648648648649,0.7052736793643138,0.10039064500582348,0.07728439905587098,1.2989768469733247
0.8,0.39024390243902446,0.8648648648648649,0.7052736793643138,0.0627796984923781,0.04735642330833015,1.3256849674568847
0.8,0.39024390243902446,0.8648648648648649,0.7052736793643138,0.08111607078603801,0.07135578903296246,1.136783320391382
0.8,0.39024390243902446,0.8648648648648649,0.7052736793643138,0.12107066300126215,0.11318674176725271,1.0696541053387794
0.8,0.39024390243902446,0.8648648648648649,0.7052736793643138,0.0958687196837381,0.06836654323369881,1.402275369635525
0.8,0.39024390243902446,0.8648648648648649,0.7052736793643138,0.13889093416792114,0.11169643073076492,1.2434679717090185
0.8,0.39024390243902446,0.8648648648648649,0.7052736793643138,0.10938372366625694,0.08715178539836328,1.2550944672707895
0.8,0.39024390243902446,0.8648648648648649,0.7052736793643138,0.07050753959309722,0.04361182924546904,1.6167067699968685
0.8,0.39024390243902446,0.8648648648648649,0.7052736793643138,0.10648603197135234,0.07524857595502127,1.4151235504443673
0.8,0.39024390243902446,0.8648648648648649,0.7052736793643138,0.08504302156986626,0.0894356384521945,0.9508851621305728
0.8,0.39024390243902446,0.8648648648648649,0.7052736793643138,0.0808115326566367,0.07020507663519848,1.1510781916320918
0.8,0.39024390243902446,0.8648648648648649,0.7052736793643138,0.11410895522570802,0.10553665689302347,1.081225790024539
0.8,0.39024390243902446,0.8648648648648649,0.7052736793643138,0.05566206023372755,0.0743571267370602,0.7485773412218889
0.8,0.39024390243902446,0.8648648648648649,0.7052736793643138,0.08282595839705507,0.08077671800988138,1.025369195947315
0.8,0.39024390243902446,0.8648648648648649,0.7052736793643138,0.12925117822851492,0.108068238663255,1.196014479622147
0.8,0.39024390243902446,0.8648648648648649,0.7052736793643138,0.10886293024534405,0.08451443203707582,1.288098702451041
0.8,0.39024390243902446,0.8648648648648649,0.7052736793643138,0.07400939027166974,0.06513711645645716,1.1362091891363277
0.8,0.39024390243902446,0.8648648648648649,0.7052736793643138,0.18447475839459052,0.14853880215521906,1.241929756521258
0.8,0.39024390243902446,0.8648648648648649,0.7052736793643138,0.13175611669617524,0.10827049420802018,1.2169161844133833
0.8,0.39024390243902446,0.8648648648648649,0.7052736793643138,0.04929700766910332,0.03652734103014036,1.3495920118693043
0.8,0.39024390243902446,0.8648648648648649,0.7052736793643138,0.08440086042116252,0.0513503791490421,1.6436268206743503
0.8,0.39024390243902446,0.8648648648648649,0.7052736793643138,0.071235663266525,0.06623952613546792,1.0754253151032416
0.8,0.39024390243902446,0.8648648648648649,0.7052736793643138,0.06309178221497419,0.05730696664120931,1.1009443687707776
0.8,0.39024390243902446,0.8648648648648649,0.7052736793643138,0.15706349673144354,0.14829805934168944,1.0591068920838533
0.8,0.39024390243902446,0.8648648648648649,0.7052736793643138,0.14526820537982493,0.10867536363404703,1.3367169938257624
0.8,0.39024390243902446,0.8648648648648649,0.7052736793643138,0.11046503368843384,0.09559210205841964,1.1555874524123848
0.8,0.39024390243902446,0.8648648648648649,0.7052736793643138,0.10461172347398448,0.09846682152481966,1.062405811968003
0.8,0.39024390243902446,0.8648648648648649,0.7052736793643138,0.10213445051818987,0.09736361662517254,1.0490001712999624
0.8,0.39024390243902446,0.8648648648648649,0.7052736793643138,0.08510311314253274,0.08692630108143932,0.9790260494669102
0.8,0.39024390243902446,0.8648648648648649,0.7052736793643138,0.09565711867444064,0.08298570189516062,1.152693976069376
0.8,0.39024390243902446,0.8648648648648649,0.7052736793643138,0.08459491351301071,0.05787718093292176,1.461628091579895
0.8,0.39024390243902446,0.8648648648648649,0.7052736793643138,0.10237430414822658,0.07908223210063184,1.2945297752591969
0.8,0.39024390243902446,0.8648648648648649,0.7052736793643138,0.10167246632386709,0.08793680009478562,1.1561992955654063
0.8,0.39024390243902446,0.8648648648648649,0.7052736793643138,0.09140611759723774,0.08128811152255905,1.124470920595452
0.8,0.39024390243902446,0.8648648648648649,0.7052736793643138,0.11474066572736973,0.11249703457521242,1.0199439137274084
0.8,0.39024390243902446,0.8648648648648649,0.7052736793643138,0.11082594272850753,0.10742427866010426,1.0316656915069107
0.8,0.39024390243902446,0.8648648648648649,0.7052736793643138,0.10567985224730142,0.09881786488868337,1.0694407571581106
0.8,0.39024390243902446,0.8648648648648649,0.7052736793643138,0.1278517764387296,0.11218209737495743,1.1396807461300873
0.8,0.39024390243902446,0.8648648648648649,0.7052736793643138,0.06380195532423825,0.055931450232157155,1.1407169858713235
0.8,0.39024390243902446,0.8648648648648649,0.7052736793643138,0.15174578434840996,0.1448887078509392,1.0473265073529765
0.8,0.39024390243902446,0.8648648648648649,0.7052736793643138,0.12811437744974627,0.11400987024573099,1.1237130361925258
0.8,0.39024390243902446,0.8648648648648649,0.7052736793643138,0.10212616624321452,0.07237925870114216,1.4109866289857835
0.8,0.39024390243902446,0.8648648648648649,0.7052736793643138,0.11723022038920876,0.10620026972505997,1.1038599119635386
0.8,0.39024390243902446,0.8648648648648649,0.7052736793643138,0.053853447744524746,0.05149122556191486,1.045876208166175
0.8,0.39024390243902446,0.8648648648648649,0.7052736793643138,0.07898799525568172,0.07673679834489093,1.0293366019868702
0.8,0.39024390243902446,0.8648648648648649,0.7052736793643138,0.06143213123064511,0.059143905780948754,1.0386891163084706
0.8,0.39024390243902446,0.8648648648648649,0.7052736793643138,0.10578819326901995,0.09928627932423596,1.0654865303548227
0.8,0.39024390243902446,0.8648648648648649,0.7052736793643138,0.0625399210101653,0.046327940438046125,1.3499395919358705
0.8,0.39024390243902446,0.8648648648648649,0.7052736793643138,0.07809410084974752,0.056531534736466486,1.3814254506586354
0.8,0.39024390243902446,0.8648648648648649,0.7052736793643138,0.09225998212345422,0.08359087556457938,1.1037087660623603
0.8,0.39024390243902446,0.8648648648648649,0.7052736793643138,0.1211737796780698,0.12167641524621173,0.9958690797462693
0.8,0.39024390243902446,0.8648648648648649,0.7052736793643138,0.0822654554879633,0.07387886592232853,1.113518114564074
0.8,0.39024390243902446,0.8648648648648649,0.7052736793643138,0.1178112688800115,0.1035117355683777,1.1381440783802512
0.8,0.39024390243902446,0.8648648648648649,0.7052736793643138,0.09357082640646937,0.07664255119204717,1.2208730653029038
0.8,0.39024390243902446,0.8648648648648649,0.7052736793643138,0.10124548412960888,0.09638255251897945,1.0504544804379592
0.8,0.39024390243902446,0.8648648648648649,0.7052736793643138,0.09488183197569616,0.08992539444901414,1.0551172175229349
0.8,0.39024390243902446,0.8648648648648649,0.7052736793643138,0.08582565798309005,0.09868763038856948,0.8696698628304569
0.8,0.39024390243902446,0.8648648648648649,0.7052736793643138,0.06724742617093439,0.04598352610207091,1.4624243043402851
0.8,0.39024390243902446,0.8648648648648649,0.7052736793643138,0.08788963658601631,0.058779234515820164,1.4952497648189211
0.8,0.39024390243902446,0.8648648648648649,0.7052736793643138,0.07367610400716922,0.06988394291035051,1.0542636969079353
0.8,0.39024390243902446,0.8648648648648649,0.7052736793643138,0.05948781671354346,0.04408765182970387,1.349307895628585
0.8,0.39024390243902446,0.8648648648648649,0.7052736793643138,0.10735661181721305,0.09125950760771616,1.1763882430605603
0.8,0.39024390243902446,0.8648648648648649,0.7052736793643138,0.0833862947250248,0.06564538736671763,1.2702536776757885
0.8,0.39024390243902446,0.8648648648648649,0.7052736793643138,0.13395017100696077,0.12448617500243735,1.0760244742385099
0.8,0.39024390243902446,0.8648648648648649,0.7052736793643138,0.08373820645491573,0.08158076770571591,1.0264454332788615
0.8,0.39024390243902446,0.8648648648648649,0.7052736793643138,0.11738219023653564,0.10741414014239742,1.0928001665416092
0.8,0.39024390243902446,0.8648648648648649,0.7052736793643138,0.11461264696428257,0.0905679613739349,1.2654877643880327
0.8,0.39024390243902446,0.8648648648648649,0.7052736793643138,0.11812961189011491,0.11314296319608516,1.0440738739128435
0.8,0.39024390243902446,0.8648648648648649,0.7052736793643138,0.08796409169564486,0.0858994121352767,1.0240360150208787
0.8,0.39024390243902446,0.8648648648648649,0.7052736793643138,0.10826435577076017,0.09661507422505075,1.1205741613215978
0.8,0.39024390243902446,0.8648648648648649,0.7052736793643138,0.12875414434163138,0.10605871394205371,1.2139893041884098
0.8,0.39024390243902446,0.8648648648648649,0.7052736793643138,0.08952825335420847,0.07803380151720939,1.1473009338711266
0.8,0.39024390243902446,0.8648648648648649,0.7052736793643138,0.1486616457560437,0.12921890650131826,1.1504635798363385
0.8,0.39024390243902446,0.8648648648648649,0.7052736793643138,0.0836265683861749,0.0852978142435807,0.9804069322030537
1.0,0.5,0.9090909090909091,0.8449609397042463,0.09121054525739768,0.09283531818370787,0.9824983319053746
1.0,0.5,0.9090909090909091,0.8449609397042463,0.14282036292681272,0.12551322095893203,1.1378909873848555
1.0,0.5,0.9090909090909091,0.8449609397042463,0.0784163447323528,0.07526037509401745,1.0419340142059195
1.0,0.5,0.9090909090909091,0.8449609397042463,0.17682432510920282,0.16996131877228976,1.0403798133980589
1.0,0.5,0.9090909090909091,0.8449609397042463,0.08617214492913687,0.084768727846592,1.0165558351316144
1.0,0.5,0.9090909090909091,0.8449609397042463,0.09910015881016795,0.1085792256537068,0.9126990749246033
1.0,0.5,0.9090909090909091,0.8449609397042463,0.13365599533279354,0.11547358604500998,1.1574594667969895
1.0,0.5,0.9090909090909091,0.8449609397042463,0.0889680771000029,0.08708736696179228,1.0215956711498206
1.0,0.5,0.9090909090909091,0.8449609397042463,0.06407608012791383,0.0656266616449263,0.9763726894200119
1.0,0.5,0.9090909090909091,0.8449609397042463,0.08253517760099036,0.06835124746998411,1.207515307416079
1.0,0.5,0.9090909090909091,0.8449609397042463,0.10038212214429931,0.08261173657320758,1.2151072754092784
1.0,0.5,0.9090909090909091,0.8449609397042463,0.09994484168241291,0.09185162478230056,1.0881118534298577
1.0,0.5,0.9090909090909091,0.8449609397042463,0.16343298321258984,0.1509998149879198,1.0823389633004827
1.0,0.5,0.9090909090909091,0.8449609397042463,0.07187815510334546,0.05375063755606767,1.3372521400954331
1.0,0.5,0.9090909090909091,0.8449609397042463,0.1119706528861678,0.10734917414205163,1.0430509017051284
1.0,0.5,0.9090909090909091,0.8449609397042463,0.09535456341148392,0.09645747014440172,0.9885658753928888
1.0,0.5,0.9090909090909091,0.8449609397042463,0.09447309553920051,0.09109345472081855,1.0371008084910143
1.0,0.5,0.9090909090909091,0.8449609397042463,0.12397307894856144,0.09606022344576387,1.2905766247624577
1.0,0.5,0.9090909090909091,0.8449609397042463,0.1187931165126742,0.09448345303938052,1.2572901676567796
1.0,0.5,0.9090909090909091,0.8449609397042463,0.07578302132307028,0.07352226242819963,1.030749310755752
1.0,0.5,0.9090909090909091,0.8449609397042463,0.12325048962220028,0.1189070318368895,1.036528182717309
1.0,0.5,0.9090909090909091,0.8449609397042463,0.10151633342817229,0.07985196585927201,1.2713066276549874
1.0,0.5,0.9090909090909091,0.8449609397042463,0.13316550206203914,0.09949622778256861,1.3383974953608166
1.0,0.5,0.9090909090909091,0.8449609397042463,0.10560342727727162,0.09446806326603867,1.117874376019267
1.0,0.5,0.9090909090909091,0.8449609397042463,0.08649858778617146,0.07681061132015816,1.1261281000047292
1.0,0.5,0.9090909090909091,0.8449609397042463,0.06970887751903007,0.06453147802083765,1.0802306046131565
1.0,0.5,0.9090909090909091,0.8449609397042463,0.12400965345019957,0.11435526991942063,1.084424474163559
1.0,0.5,0.9090909090909091,0.8449609397042463,0.06365866188655644,0.05086484206727067,1.251525794621862
1.0,0.5,0.9090909090909091,0.8449609397042463,0.08447000662627538,0.09652259849979059,0.8751319166615541
1.0,0.5,0.9090909090909091,0.8449609397042463,0.06153065184668526,0.062242607197617726,0.9885616078280263
1.0,0.5,0.9090909090909091,0.8449609397042463,0.11410097773932387,0.1044414868522956,1.0924871062079864
1.0,0.5,0.9090909090909091,0.8449609397042463,0.09773640394569946,0.0897171971252582,1.0893831626198185
1.0,0.5,0.9090909090909091,0.8449609397042463,0.05890002269073256,0.05233069948635172,1.1255347868242078
1.0,0.5,0.9090909090909091,0.8449609397042463,0.09215402343379482,0.08580899604177043,1.0739436152933863
1.0,0.5,0.9090909090909091,0.8449609397042463,0.10908358848386793,0.09559828967565755,1.1410621346256593
1.0,0.5,0.9090909090909091,0.8449609397042463,0.08410918665435624,0.08261799463863255,1.0180492400262933
1.0,0.5,0.9090909090909091,0.8449609397042463,0.08302922136931905,0.07150705365638076,1.1611333025732928
1.0,0.5,0.9090909090909091,0.8449609397042463,0.08674969813460501,0.08485510228195431,1.0223274240640874
1.0,0.5,0.9090909090909091,0.8449609397042463,0.09597708535514513,0.07951793872084094,1.2069865856569342
1.0,0.5,0.9090909090909091,0.8449609397042463,0.1578558667483826,0.1343466304959405,1.1749893999250876
1.0,0.5,0.9090909090909091,0.8449609397042463,0.07933222349509045,0.06868524400726893,1.1550111620291361
1.0,0.5,0.9090909090909091,0.8449609397042463,0.10441982563307593,0.10139774119973415,1.0298042579409028
1.0,0.5,0.9090909090909091,0.8449609397042463,0.08637814521096569,0.07484127465458393,1.1541511767354051
1.0,0.5,0.9090909090909091,0.8449609397042463,0.08330143949338413,0.07252377684720492,1.1486086786252996
1.0,0.5,0.9090909090909091,0.8449609397042463,0.14535873121359338,0.12246430999685197,1.1869477010676004
1.0,0.5,0.9090909090909091,0.8449609397042463,0.0864372028475862,0.06873534198782703,1.2575365212105025
1.0,0.5,0.9090909090909091,0.8449609397042463,0.09900832444800702,0.0785335848191117,1.260713167188984
1.0,0.5,0.9090909090909091,0.8449609397042463,0.09805050355539352,0.07918141797428288,1.2383019408321165
1.0,0.5,0.9090909090909091,0.8449609397042463,0.06156757989977077,0.07286221461687194,0.8449863927895792
1.0,0.5,0.9090909090909091,0.8449609397042463,0.065324363129138,0.04933137733003834,1.3241949984915864
1.0,0.5,0.9090909090909091,0.8449609397042463,0.09455885417588679,0.08995682549894747,1.0511581934046035
1.0,0.5,0.9090909090909091,0.8449609397042463,0.13058487730653037,0.13180920167788238,0.990711389221945
1.0,0.5,0.9090909090909091,0.8449609397042463,0.11009857568649767,0.0971534707896821,1.1332438747848663
1.0,0.5,0.9090909090909091,0.8449609397042463,0.0635138062604916,0.05194186105824599,1.2227864956411398
1.0,0.5,0.9090909090909091,0.8449609397042463,0.12726395939094523,0.10196257292767646,1.2481438604066553
1.0,0.5,0.9090909090909091,0.8449609397042463,0.08390668733602681,0.08306487015390525,1.0101344549213382
1.0,0.5,0.9090909090909091,0.8449609397042463,0.10936651029587205,0.09159953762333559,1.193963562846743
1.0,0.5,0.9090909090909091,0.8449609397042463,0.13134513731753553,0.11475643884734793,1.1445557097868324
1.0,0.5,0.9090909090909091,0.8449609397042463,0.09233466120666677,0.09084559607464109,1.0163911647494968
1.0,0.5,0.9090909090909091,0.8449609397042463,0.08258360960075693,0.08549193413522826,0.965981299126172
1.0,0.5,0.9090909090909091,0.8449609397042463,0.10598012081763965,0.09878417991163616,1.0728450741043796
1.0,0.5,0.9090909090909091,0.8449609397042463,0.14301541696890846,0.13894324372952008,1.0293081774261414
1.0,0.5,0.9090909090909091,0.8449609397042463,0.14005979448269457,0.11264313903919713,1.2433939224115291
1.0,0.5,0.9090909090909091,0.8449609397042463,0.19382278411459203,0.1931492026789972,1.0034873632728076
1.0,0.5,0.9090909090909091,0.8449609397042463,0.09239987060568547,0.08248824911502362,1.1201579812518612
1.0,0.5,0.9090909090909091,0.8449609397042463,0.08301298301075491,0.08216038715652067,1.0103772132014177
1.0,0.5,0.9090909090909091,0.8449609397042463,0.07097397177170067,0.07549705731049602,0.940089247184916
1.0,0.5,0.9090909090909091,0.8449609397042463,0.14245557919538446,0.13102090351981985,1.087273674416654
1.0,0.5,0.9090909090909091,0.8449609397042463,0.16569626837449747,0.1446110454561634,1.1458064482683359
1.0,0.5,0.9090909090909091,0.8449609397042463,0.08220061070391914,0.06613496901894628,1.2429220414448277
1.0,0.5,0.9090909090909091,0.8449609397042463,0.1226506387615028,0.11553995089426175,1.0615431096534609
1.0,0.5,0.9090909090909091,0.8449609397042463,0.10569273635679344,0.11212558295354556,0.942628199316321
1.0,0.5,0.9090909090909091,0.8449609397042463,0.1293483198672353,0.12245664863774193,1.0562784569572918
1.0,0.5,0.9090909090909091,0.8449609397042463,0.07787050643645158,0.0598098706882213,1.301967476946695
1.0,0.5,0.9090909090909091,0.8449609397042463,0.13687389597870256,0.11386354210737734,1.20208710747489
1.0,0.5,0.9090909090909091,0.8449609397042463,0.11601603423550653,0.10757471158502296,1.0784693960700222
1.0,0.5,0.9090909090909091,0.8449609397042463,0.1239820570143377,0.1200220057482777,1.032994376667604
1.0,0.5,0.9090909090909091,0.8449609397042463,0.07364915970822818,0.07096841970836608,1.037773702879086
1.0,0.5,0.9090909090909091,0.8449609397042463,0.07471898191663809,0.07053623353208899,1.0592992874030656
1.0,0.5,0.9090909090909091,0.8449609397042463,0.1018179376414103,0.0871865834184384,1.1678165796766116
1.0,0.5,0.9090909090909091,0.8449609397042463,0.08958606094351955,0.07255409578865236,1.2347484999948277
1.0,0.5,0.9090909090909091,0.8449609397042463,0.15726575883699337,0.14580531421009574,1.0786010077135042
1.0,0.5,0.9090909090909091,0.8449609397042463,0.12312836615251296,0.10142983823278487,1.2139264766441729
1.0,0.5,0.9090909090909091,0.8449609397042463,0.11675294760621774,0.0985803049197188,1.1843435430768678
1.0,0.5,0.9090909090909091,0.8449609397042463,0.08934337890639041,0.08462299349731663,1.0557813569809895
1.0,0.5,0.9090909090909091,0.8449609397042463,0.07745520943937746,0.08400404935224347,0.9220413782030246
1.0,0.5,0.9090909090909091,0.8449609397042463,0.1422745772945891,0.1330347242378011,1.0694544458954314
1.0,0.5,0.9090909090909091,0.8449609397042463,0.09004530724379328,0.0760132458754263,1.1846002128545243
1.0,0.5,0.9090909090909091,0.8449609397042463,0.13041634216167997,0.10528068010955298,1.2387490470803506
1.0,0.5,0.9090909090909091,0.8449609397042463,0.09357481281195765,0.08413994007965872,1.1121331049602192
1.0,0.5,0.9090909090909091,0.8449609397042463,0.06170324576971806,0.06690457931387055,0.9222574359260016
1.0,0.5,0.9090909090909091,0.8449609397042463,0.1148673705688583,0.10574445306278393,1.0862732487789009
1.0,0.5,0.9090909090909091,0.8449609397042463,0.08810185063428916,0.08822879546035055,0.9985611860005679
1.0,0.5,0.9090909090909091,0.8449609397042463,0.10474699627327443,0.08686220871635111,1.2058983742322988
1.0,0.5,0.9090909090909091,0.8449609397042463,0.1120335259647211,0.09735073849718255,1.1508235858730902
1.0,0.5,0.9090909090909091,0.8449609397042463,0.09820119964893924,0.08346207013963544,1.1765967401077475
1.0,0.5,0.9090909090909091,0.8449609397042463,0.06822660863176297,0.05484509424214311,1.2439874445386123
1.0,0.5,0.9090909090909091,0.8449609397042463,0.10360926339693531,0.09513738400347285,1.0890488999902836
1.0,0.5,0.9090909090909091,0.8449609397042463,0.07946847597017241,0.05754716444994049,1.3809277438734793
1.0,0.5,0.9090909090909091,0.8449609397042463,0.09377241304408704,0.0879873614219466,1.0657486658157416
1.5,0.6923076923076923,0.9574468085106382,1.0,0.1764750624180996,0.15238567098140257,1.1580817361734552
1.5,0.6923076923076923,0.9574468085106382,1.0,0.06448099165907593,0.06372188746496187,1.0119127700749835
1.5,0.6923076923076923,0.9574468085106382,1.0,0.1303356204463402,0.13504564963887647,0.9651226884751098
1.5,0.6923076923076923,0.9574468085106382,1.0,0.0962695720284671,0.08672302709177113,1.1100808546107799
1.5,0.6923076923076923,0.9574468085106382,1.0,0.09300542106868978,0.10716472632198511,0.8678734529610747
1.5,0.6923076923076923,0.9574468085106382,1.0,0.09359416411581592,0.08972879076184663,1.0430784068430003
1.5,0.6923076923076923,0.9574468085106382,1.0,0.16783841972830443,0.1569549480046114,1.0693413738276876
1.5,0.6923076923076923,0.9574468085106382,1.0,0.10525920877734979,0.10310984834970896,1.020845345639061
1.5,0.6923076923076923,0.9574468085106382,1.0,0.07294935288924663,0.07871896613790347,0.9267061861743793
1.5,0.6923076923076923,0.9574468085106382,1.0,0.10330463357778609,0.1063713327708938,0.9711698714942975
1.5,0.6923076923076923,0.9574468085106382,1.0,0.10895309021879004,0.10593560935261265,1.0284841035475951
1.5,0.6923076923076923,0.9574468085106382,1.0,0.06417021529049695,0.06990859465601439,0.9179159673606205
1.5,0.6923076923076923,0.9574468085106382,1.0,0.08547169978988545,0.07946196971461655,1.0756302681251486
1.5,0.6923076923076923,0.9574468085106382,1.0,0.08433440733400328,0.07792583331622152,1.0822394030972489
1.5,0.6923076923076923,0.9574468085106382,1.0,0.15011888931254105,0.13475443706166848,1.1140181546960213
1.5,0.6923076923076923,0.9574468085106382,1.0,0.09530408140000635,0.09545120592007669,0.998458641578677
1.5,0.6923076923076923,0.9574468085106382,1.0,0.0755314551308624,0.06036621499408644,1.25122065609483
1.5,0.6923076923076923,0.9574468085106382,1.0,0.10491448385079843,0.11081446282496164,0.9467580420122363
1.5,0.6923076923076923,0.9574468085106382,1.0,0.10900945727693329,0.09283063676785536,1.1742832008094142
1.5,0.6923076923076923,0.9574468085106382,1.0,0.07677055885434904,0.07404002742075975,1.036879125099077
1.5,0.6923076923076923,0.9574468085106382,1.0,0.16755436784105665,0.15308226575723868,1.0945380708355086
1.5,0.6923076923076923,0.9574468085106382,1.0,0.10597888528679292,0.08885717946458545,1.1926879282616822
1.5,0.6923076923076923,0.9574468085106382,1.0,0.04597390867902709,0.04523422961484216,1.016352197671611
1.5,0.6923076923076923,0.9574468085106382,1.0,0.1397283922853046,0.12841608369469423,1.0880910573281855
1.5,0.6923076923076923,0.9574468085106382,1.0,0.06512645037392595,0.05160322241609941,1.262061695465117
1.5,0.6923076923076923,0.9574468085106382,1.0,0.12734730711524708,0.12018822726783764,1.059565566529703
1.5,0.6923076923076923,0.9574468085106382,1.0,0.15078828461207572,0.135248445194659,1.1148984699606024
1.5,0.6923076923076923,0.9574468085106382,1.0,0.11334886118996845,0.11067464018659925,1.0241629066863052
1.5,0.6923076923076923,0.9574468085106382,1.0,0.12389962542962983,0.1039706892294054,1.191678408096847
1.5,0.6923076923076923,0.9574468085106382,1.0,0.08352175148518395,0.07863237878510074,1.0621801448159884
1.5,0.6923076923076923,0.9574468085106382,1.0,0.13929523819974934,0.13935200398910283,0.9995926446141533
1.5,0.6923076923076923,0.9574468085106382,1.0,0.11233519570490641,0.11184225102759343,1.004407499605774
1.5,0.6923076923076923,0.9574468085106382,1.0,0.1374006755775476,0.1314015167494826,1.045655171846322
1.5,0.6923076923076923,0.9574468085106382,1.0,0.07892470569330383,0.07286690828111353,1.0831350959590587
1.5,0.6923076923076923,0.9574468085106382,1.0,0.1399277591536086,0.13164525462339505,1.0629153291845406
1.5,0.6923076923076923,0.9574468085106382,1.0,0.09735583146907421,0.09289150930226782,1.048059528802353
1.5,0.6923076923076923,0.9574468085106382,1.0,0.06187339400535546,0.056636533370347936,1.0924643568977561
1.5,0.6923076923076923,0.9574468085106382,1.0,0.14696053919523822,0.12780800318618463,1.1498539647877377
1.5,0.6923076923076923,0.9574468085106382,1.0,0.15171547384893827,0.15330649312943226,0.9896219706809761
1.5,0.6923076923076923,0.9574468085106382,1.0,0.07408265950920338,0.06626981739550655,1.1178944264636919
1.5,0.6923076923076923,0.9574468085106382,1.0,0.06144114809285093,0.06449190309498597,0.9526955345442082
1.5,0.6923076923076923,0.9574468085106382,1.0,0.09024550177927913,0.08833134322177943,1.0216702077392132
1.5,0.6923076923076923,0.9574468085106382,1.0,0.10957383853305426,0.10446431476418071,1.0489116669209755
1.5,0.6923076923076923,0.9574468085106382,1.0,0.08373971337079991,0.08796431719047307,0.9519736643834177
1.5,0.6923076923076923,0.9574468085106382,1.0,0.11220980083695009,0.10680262313044135,1.050627761266732
1.5,0.6923076923076923,0.9574468085106382,1.0,0.09684287732949379,0.09676310047032853,1.000824455384103
1.5,0.6923076923076923,0.9574468085106382,1.0,0.08754572751554053,0.09310644240614306,0.9402757237104397
1.5,0.6923076923076923,0.9574468085106382,1.0,0.09892049656226437,0.09212865515384581,1.0737212694256402
1.5,0.6923076923076923,0.9574468085106382,1.0,0.06814109484963089,0.06388129695941311,1.066683021368903
1.5,0.6923076923076923,0.9574468085106382,1.0,0.08343364252345987,0.08394444207575483,0.9939150283251155
1.5,0.6923076923076923,0.9574468085106382,1.0,0.0844162431941345,0.07697408790401901,1.096683903541609
1.5,0.6923076923076923,0.9574468085106382,1.0,0.06866434926819726,0.06610658900704496,1.038691457229471
1.5,0.6923076923076923,0.9574468085106382,1.0,0.0779201584478703,0.0729558085621985,1.0680459854192343
1.5,0.6923076923076923,0.9574468085106382,1.0,0.09564542858426156,0.09209530043346272,1.0385484181504328
1.5,0.6923076923076923,0.9574468085106382,1.0,0.12329565759268961,0.11317734528537149,1.0894022764167621
1.5,0.6923076923076923,0.9574468085106382,1.0,0.124626393408956,0.12395240989600735,1.0054374377514248
1.5,0.6923076923076923,0.9574468085106382,1.0,0.05768067858646789,0.05264578025937065,1.095637262897268
1.5,0.6923076923076923,0.9574468085106382,1.0,0.07908616619766345,0.06767099718128701,1.1686862835166418
1.5,0.6923076923076923,0.9574468085106382,1.0,0.07663960216584577,0.07843015926997693,0.9771700437587076
1.5,0.6923076923076923,0.9574468085106382,1.0,0.0912946729872553,0.0974624627968111,0.9367162532880545
1.5,0.6923076923076923,0.9574468085106382,1.0,0.09060478222482954,0.09067470922595129,0.9992288147189146
1.5,0.6923076923076923,0.9574468085106382,1.0,0.050320220903430676,0.03839165367459571,1.3107073045079134
1.5,0.6923076923076923,0.9574468085106382,1.0,0.10997185421667224,0.10178561599627127,1.0804262777237685
1.5,0.6923076923076923,0.9574468085106382,1.0,0.0842847700149555,0.08705397637687678,0.9681897774556243
1.5,0.6923076923076923,0.9574468085106382,1.0,0.07606940499586523,0.06618749489660354,1.149301769385576
1.5,0.6923076923076923,0.9574468085106382,1.0,0.11521664129317738,0.11123934425614729,1.0357544092301705
1.5,0.6923076923076923,0.9574468085106382,1.0,0.10032769271187254,0.1061496463078789,0.9451533396623835
1.5,0.6923076923076923,0.9574468085106382,1.0,0.13934729849985078,0.1250756868380095,1.114103804045666
1.5,0.6923076923076923,0.9574468085106382,1.0,0.08123656186351273,0.08279164470581037,0.981216910863126
1.5,0.6923076923076923,0.9574468085106382,1.0,0.09835470851465565,0.09570369225800975,1.0277002505765291
1.5,0.6923076923076923,0.9574468085106382,1.0,0.11626169530626962,0.11904712043669344,0.976602330907239
1.5,0.6923076923076923,0.9574468085106382,1.0,0.1307894594935832,0.11912973566663577,1.0978741685415567
1.5,0.6923076923076923,0.9574468085106382,1.0,0.09393462566855014,0.08706662388379233,1.0788821419551597
1.5,0.6923076923076923,0.9574468085106382,1.0,0.09430934268719934,0.08449290344479596,1.1161806357952537
1.5,0.6923076923076923,0.9574468085106382,1.0,0.10724947968116012,0.10436885250758614,1.0276004488347192
1.5,0.6923076923076923,0.9574468085106382,1.0,0.09362163126012879,0.08713595098291718,1.0744317380375308
1.5,0.6923076923076923,0.9574468085106382,1.0,0.07719804926142218,0.07607872243705806,1.0147127447531754
1.5,0.6923076923076923,0.9574468085106382,1.0,0.08272152393262576,0.07512272280928455,1.1011518331495043
1.5,0.6923076923076923,0.9574468085106382,1.0,0.11075070202696455,0.10732533269274275,1.0319157578949991
1.5,0.6923076923076923,0.9574468085106382,1.0,0.06511385724597628,0.06180091538712563,1.0536066794172567
1.5,0.6923076923076923,0.9574468085106382,1.0,0.11654633789586304,0.10753096172549051,1.0838398171624963
1.5,0.6923076923076923,0.9574468085106382,1.0,0.13426371581519547,0.13001607918654914,1.0326700870786278
1.5,0.6923076923076923,0.9574468085106382,1.0,0.09852128364154401,0.09496169767900967,1.0374844389847209
1.5,0.6923076923076923,0.9574468085106382,1.0,0.0726904030676084,0.07298243725748749,0.9959985689591488
1.5,0.6923076923076923,0.9574468085106382,1.0,0.08056655477420398,0.080093815676028,1.0059023171038344
1.5,0.6923076923076923,0.9574468085106382,1.0,0.11033209911825524,0.10013382155227202,1.101846483115193
1.5,0.6923076923076923,0.9574468085106382,1.0,0.11678683571278417,0.10912370417310598,1.0702242615181203
1.5,0.6923076923076923,0.9574468085106382,1.0,0.07248306971599061,0.07210601590339229,1.0052291588694
1.5,0.6923076923076923,0.9574468085106382,1.0,0.05988706554447697,0.0646229233927297,0.926715512087379
1.5,0.6923076923076923,0.9574468085106382,1.0,0.0904555795410142,0.0889259744782978,1.017200880526642
1.5,0.6923076923076923,0.9574468085106382,1.0,0.12251669114658885,0.10773368570585015,1.1372180422853198
1.5,0.6923076923076923,0.9574468085106382,1.0,0.09669137492802538,0.09774333562970368,0.9892375199301198
1.5,0.6923076923076923,0.9574468085106382,1.0,0.047113317862886465,0.04036794859458092,1.1670971526457765
1.5,0.6923076923076923,0.9574468085106382,1.0,0.09494139708033258,0.1008068122730554,0.9418152894584628
1.5,0.6923076923076923,0.9574468085106382,1.0,0.15255366917824423,0.15966867693006087,0.9554389258518551
1.5,0.6923076923076923,0.9574468085106382,1.0,0.1271664652216058,0.12261943674122504,1.0370824446859659
1.5,0.6923076923076923,0.9574468085106382,1.0,0.07883448373903709,0.08059004698865928,0.9782161282289706
1.5,0.6923076923076923,0.9574468085106382,1.0,0.10927516636571223,0.09028786952088383,1.2102973184059524
1.5,0.6923076923076923,0.9574468085106382,1.0,0.09465813987494161,0.09704856717388699,0.9753687522798525
1.5,0.6923076923076923,0.9574468085106382,1.0,0.07420133109226751,0.06996734170951852,1.0605137951406975
2.0,0.8,0.9756097560975611,1.0,0.1294232417399745,0.12455492208457325,1.039085726793644
2.0,0.8,0.9756097560975611,1.0,0.06784304759877055,0.06911595115996651,0.981583071059098
2.0,0.8,0.9756097560975611,1.0,0.10264546989372393,0.10579126886149215,0.97026409644555
2.0,0.8,0.9756097560975611,1.0,0.08440108620042315,0.08425284471273328,1.0017594834713928
2.0,0.8,0.9756097560975611,1.0,0.09187052948387474,0.09270686920233304,0.9909786650584329
2.0,0.8,0.9756097560975611,1.0,0.10564469241433375,0.10264095840683435,1.0292644773989112
2.0,0.8,0.9756097560975611,1.0,0.17642189374817957,0.17935191108924445,0.9836633057140556
2.0,0.8,0.9756097560975611,1.0,0.057383618730929765,0.0583796069987664,0.9829394489096565
2.0,0.8,0.9756097560975611,1.0,0.07907524846008789,0.08210499750304695,0.9630990909798562
2.0,0.8,0.9756097560975611,1.0,0.086524189314622,0.08180326287471051,1.0577107351713102
2.0,0.8,0.9756097560975611,1.0,0.07680127021539243,0.073521970940177,1.0446029837513975
2.0,0.8,0.9756097560975611,1.0,0.09832154705682662,0.10128213469830354,0.9707689055893635
2.0,0.8,0.9756097560975611,1.0,0.10389259654708563,0.10501099728372319,0.9893496798852808
2.0,0.8,0.9756097560975611,1.0,0.10666184856992772,0.10403646420923952,1.0252352324797196
2.0,0.8,0.9756097560975611,1.0,0.12230643941098517,0.12430301169362529,0.983937860753035
2.0,0.8,0.9756097560975611,1.0,0.10290023944118122,0.10440892733262455,0.9855502021715349
2.0,0.8,0.9756097560975611,1.0,0.0653963955187245,0.06396586488506047,1.0223639692238125
2.0,0.8,0.9756097560975611,1.0,0.07238606229908653,0.06952231990710955,1.0411916978001208
2.0,0.8,0.9756097560975611,1.0,0.11005696898397073,0.10351614625329277,1.0631864976375114
2.0,0.8,0.9756097560975611,1.0,0.08930615816626394,0.08567126553865267,1.0424283755440884
2.0,0.8,0.9756097560975611,1.0,0.12126451426013386,0.12162393519977752,0.9970448173786411
2.0,0.8,0.9756097560975611,1.0,0.08123980470172705,0.08152641902587918,0.9964843994428217
2.0,0.8,0.9756097560975611,1.0,0.08720097024741506,0.08890638491431606,0.9808178606233444
2.0,0.8,0.9756097560975611,1.0,0.02819033008284514,0.026252004086426806,1.0738353532948182
2.0,0.8,0.9756097560975611,1.0,0.08083831714742061,0.08257364028203344,0.9789845387864
2.0,0.8,0.9756097560975611,1.0,0.052253645625192066,0.05162533843612495,1.0121705195181336
2.0,0.8,0.9756097560975611,1.0,0.1210809535731267,0.12253096893224086,0.988166131617583
2.0,0.8,0.9756097560975611,1.0,0.12354465741995307,0.1081523542906009,1.1423205553897948
2.0,0.8,0.9756097560975611,1.0,0.10788951684243946,0.10676823650141914,1.0105020030091572
2.0,0.8,0.9756097560975611,1.0,0.09312125698029611,0.09215459655608517,1.0104895519088148
2.0,0.8,0.9756097560975611,1.0,0.13206447214416994,0.13124592962256512,1.0062367078655983
2.0,0.8,0.9756097560975611,1.0,0.09571996941411055,0.09317939672010285,1.0272653910997
2.0,0.8,0.9756097560975611,1.0,0.07366450738999757,0.06978267957724577,1.0556273825577995
2.0,0.8,0.9756097560975611,1.0,0.07207825748362454,0.06361710719077078,1.133001179501624
2.0,0.8,0.9756097560975611,1.0,0.13259139376396006,0.12984396118717254,1.021159494455249
2.0,0.8,0.9756097560975611,1.0,0.09439923635607785,0.09532244040781628,0.9903149347856738
2.0,0.8,0.9756097560975611,1.0,0.13155351909847426,0.13441042165667802,0.9787449326994815
2.0,0.8,0.9756097560975611,1.0,0.09682315646884354,0.0934019727034022,1.0366286028701481
2.0,0.8,0.9756097560975611,1.0,0.08811388464433298,0.08645897731075386,1.0191409543005696
2.0,0.8,0.9756097560975611,1.0,0.08766917306794271,0.09067722707833173,0.9668267975619667
2.0,0.8,0.9756097560975611,1.0,0.07835041913487155,0.06921562267853194,1.1319759340859454
2.0,0.8,0.9756097560975611,1.0,0.05624742029357357,0.062141896389106735,0.9051448951827217
2.0,0.8,0.9756097560975611,1.0,0.06110534828379514,0.06426908576505144,0.9507735726501232
2.0,0.8,0.9756097560975611,1.0,0.10238551000085927,0.10647620417755026,0.961581141924728
2.0,0.8,0.9756097560975611,1.0,0.09884246288272605,0.09982837549576222,0.9901239241033425
2.0,0.8,0.9756097560975611,1.0,0.0874100772505598,0.09087236546031534,0.9618994378300019
2.0,0.8,0.9756097560975611,1.0,0.0789799312846057,0.07992414442168225,0.9881861339410173
2.0,0.8,0.9756097560975611,1.0,0.10022331176317029,0.09906019188954969,1.0117415467448059
2.0,0.8,0.9756097560975611,1.0,0.09228081725052584,0.09315767488068553,0.9905873817559019
2.0,0.8,0.9756097560975611,1.0,0.09627171055461899,0.09328716353116326,1.0319931157780216
2.0,0.8,0.9756097560975611,1.0,0.07255196529240983,0.07163371766909701,1.012818650953655
2.0,0.8,0.9756097560975611,1.0,0.10449602029374636,0.10557633971724997,0.9897674097586933
2.0,0.8,0.9756097560975611,1.0,0.07372223556481389,0.07187302752542139,1.025728817931573
2.0,0.8,0.9756097560975611,1.0,0.08376918498512122,0.07930741942729015,1.0562591191347697
2.0,0.8,0.9756097560975611,1.0,0.11302052861338181,0.11820744815406371,0.9561201969784373
2.0,0.8,0.9756097560975611,1.0,0.10647240708484336,0.10852723359968307,0.9810662591620164
2.0,0.8,0.9756097560975611,1.0,0.06351977741237962,0.055184397937329856,1.1510459439009524
2.0,0.8,0.9756097560975611,1.0,0.08759498192105619,0.08900890619185599,0.984114800065601
2.0,0.8,0.9756097560975611,1.0,0.12130285695122438,0.11940508893154234,1.0158935271240415
2.0,0.8,0.9756097560975611,1.0,0.07501768883176986,0.06310825483729357,1.1887143611431077
2.0,0.8,0.9756097560975611,1.0,0.11584974166850849,0.12779704781484522,0.9065134418156028
2.0,0.8,0.9756097560975611,1.0,0.08059968441659289,0.08481479611667836,0.9503021655055705
2.0,0.8,0.9756097560975611,1.0,0.09266116421104485,0.08617888106423435,1.0752189291246292
2.0,0.8,0.9756097560975611,1.0,0.12990727100426688,0.12348420669524017,1.052015269652085
2.0,0.8,0.9756097560975611,1.0,0.11645676673366359,0.11006039654373463,1.0581169102674206
2.0,0.8,0.9756097560975611,1.0,0.08862793666848146,0.08525821679277225,1.0395236963951475
2.0,0.8,0.9756097560975611,1.0,0.08700350053106061,0.09189519527318203,0.946768764922044
2.0,0.8,0.9756097560975611,1.0,0.09223166228675625,0.10070168314451196,0.9158899772747512
2.0,0.8,0.9756097560975611,1.0,0.07690652820418874,0.08127033962027688,0.9463049934763731
2.0,0.8,0.9756097560975611,1.0,0.07670629378636827,0.08392173138580376,0.9140218215200449
2.0,0.8,0.9756097560975611,1.0,0.0736039020259889,0.06985450714746796,1.0536743444571972
2.0,0.8,0.9756097560975611,1.0,0.10795332667062467,0.10150676881365214,1.0635086500369964
2.0,0.8,0.9756097560975611,1.0,0.08037306319883088,0.07849468367320149,1.023930022235005
2.0,0.8,0.9756097560975611,1.0,0.11138092461255344,0.09876419365373625,1.127746002797846
2.0,0.8,0.9756097560975611,1.0,0.06255197673074532,0.06376427779351491,0.9809877708221626
2.0,0.8,0.9756097560975611,1.0,0.09762033059528458,0.08995116873721275,1.0852591685659678
2.0,0.8,0.9756097560975611,1.0,0.12004380503543419,0.11774274159376306,1.0195431447452639
2.0,0.8,0.9756097560975611,1.0,0.12400565814618145,0.10934361187163587,1.134091475702834
2.0,0.8,0.9756097560975611,1.0,0.09653907547733036,0.10240939989803051,0.942677875013961
2.0,0.8,0.9756097560975611,1.0,0.14233915510454181,0.1328380955024384,1.0715236059819075
2.0,0.8,0.9756097560975611,1.0,0.09519066012659619,0.09368183747760066,1.016105818263399
2.0,0.8,0.9756097560975611,1.0,0.044483366100905516,0.037886748915600156,1.1741140998928297
2.0,0.8,0.9756097560975611,1.0,0.09057935703826146,0.09615788865384155,0.9419857102347347
2.0,0.8,0.9756097560975611,1.0,0.06698507327514026,0.0643308577162181,1.0412588243519256
2.0,0.8,0.9756097560975611,1.0,0.11527926022696038,0.1161617410743898,0.9924029991349365
2.0,0.8,0.9756097560975611,1.0,0.11196737873126573,0.10113673129360726,1.10708915840098
2.0,0.8,0.9756097560975611,1.0,0.06781702981683489,0.06953221711590407,0.9753324808238156
2.0,0.8,0.9756097560975611,1.0,0.09041837483600383,0.09622771771580144,0.9396292147658027
2.0,0.8,0.9756097560975611,1.0,0.12832725968033198,0.12076564111650026,1.0626139893261295
2.0,0.8,0.9756097560975611,1.0,0.13148575823126288,0.12460067456616522,1.0552571941449767
2.0,0.8,0.9756097560975611,1.0,0.09268091030698902,0.09002355969853203,1.0295183907118963
2.0,0.8,0.9756097560975611,1.0,0.10485015770836868,0.10396919366725148,1.0084733180093393
2.0,0.8,0.9756097560975611,1.0,0.07836436050268468,0.07660282278272416,1.022995728564167
2.0,0.8,0.9756097560975611,1.0,0.0795658103251565,0.08056947522982166,0.9875428640710114
2.0,0.8,0.9756097560975611,1.0,0.0773363390089266,0.07136943873626303,1.08360581753646
2.0,0.8,0.9756097560975611,1.0,0.06402672961994073,0.06374166064112499,1.0044722552871774
2.0,0.8,0.9756097560975611,1.0,0.1507495883640736,0.13784269151009007,1.0936349741330953
2.0,0.8,0.9756097560975611,1.0,0.09484463164378713,0.0928886963661499,1.0210567631386203
2.0,0.8,0.9756097560975611,1.0,0.1089170034137041,0.10796213684388625,1.0088444578602458
2.0,0.8,0.9756097560975611,1.0,0.08760988849505157,0.08051227599753123,1.088155655887035
3.0,0.9,0.989010989010989,1.0,0.09479985364580566,0.08919254449732747,1.0628674647649077
3.0,0.9,0.989010989010989,1.0,0.09371192527148763,0.09191909843647764,1.01950439968957
3.0,0.9,0.989010989010989,1.0,0.14599076766588193,0.13726634392787335,1.0635583602532084
3.0,0.9,0.989010989010989,1.0,0.07030042412415417,0.0687657008127795,1.0223181512474233
3.0,0.9,0.989010989010989,1.0,0.11949950676201053,0.116934572493584,1.02193478125186
3.0,0.9,0.989010989010989,1.0,0.09244758975301631,0.09004248948363537,1.026710726049151
3.0,0.9,0.989010989010989,1.0,0.08166237504528688,0.08061501535686996,1.0129921167139946
3.0,0.9,0.989010989010989,1.0,0.12414522571682828,0.11832400497141249,1.049197293032992
3.0,0.9,0.989010989010989,1.0,0.1528187133924829,0.1587616501362855,0.9625669250810822
3.0,0.9,0.989010989010989,1.0,0.08006780453501425,0.0821399061418926,0.9747735089531403
3.0,0.9,0.989010989010989,1.0,0.09813037655976466,0.09758141539616005,1.0056256733044497
3.0,0.9,0.989010989010989,1.0,0.05846917040791459,0.053933425929566105,1.0840989497732243
3.0,0.9,0.989010989010989,1.0,0.05971901236133645,0.05912832051589418,1.009989998706009
3.0,0.9,0.989010989010989,1.0,0.16467531343962793,0.16115080722184666,1.0218708567368782
3.0,0.9,0.989010989010989,1.0,0.0694698749646896,0.06490736778542767,1.0702925928893738
3.0,0.9,0.989010989010989,1.0,0.10911330044061836,0.11216127394341634,0.9728250812813019
3.0,0.9,0.989010989010989,1.0,0.10408856531594377,0.09326735991433345,1.116023498591036
3.0,0.9,0.989010989010989,1.0,0.08999574274261946,0.09684057603054351,0.9293185401358497
3.0,0.9,0.989010989010989,1.0,0.06100925951883709,0.05572472305356972,1.0948328888092849
3.0,0.9,0.989010989010989,1.0,0.0990119602472585,0.0937634725889699,1.0559758242028465
3.0,0.9,0.989010989010989,1.0,0.10556709633672899,0.09945014853505235,1.0615076788901994
3.0,0.9,0.989010989010989,1.0,0.08736717888087764,0.09054338955301623,0.9649205680523059
3.0,0.9,0.989010989010989,1.0,0.10792315199083397,0.1057517841200029,1.0205326831022263
3.0,0.9,0.989010989010989,1.0,0.06113202972445322,0.06081900356844675,1.0051468478212435
3.0,0.9,0.989010989010989,1.0,0.059927416625666585,0.060175734937630364,0.995873447790523
3.0,0.9,0.989010989010989,1.0,0.07178237956540558,0.07300590418321883,0.9832407442726463
3.0,0.9,0.989010989010989,1.0,0.1318756325331799,0.13284883314563556,0.9926743759097321
3.0,0.9,0.989010989010989,1.0,0.0901245197451179,0.08656342947951676,1.0411385071849977
3.0,0.9,0.989010989010989,1.0,0.07695989026013118,0.08101148615833378,0.9499873895624639
3.0,0.9,0.989010989010989,1.0,0.1274168607464633,0.12914295569359638,0.9866342307417185
3.0,0.9,0.989010989010989,1.0,0.15115831714692587,0.15068830262856697,1.0031191174773362
3.0,0.9,0.989010989010989,1.0,0.10552204450645072,0.10875470576221204,0.9702756654702427
3.0,0.9,0.989010989010989,1.0,0.09007440281695593,0.08948642817532289,1.0065705454293143
3.0,0.9,0.989010989010989,1.0,0.08952771733348168,0.09169416287208636,0.9763731357509978
3.0,0.9,0.989010989010989,1.0,0.11038763394764489,0.10668678206165971,1.034688944726501
3.0,0.9,0.989010989010989,1.0,0.10792546366585302,0.10924704651680801,0.9879028047613931
3.0,0.9,0.989010989010989,1.0,0.12589235203517138,0.12538027796455053,1.0040841676133916
3.0,0.9,0.989010989010989,1.0,0.08099559313476527,0.08692813203360047,0.9317535214429538
3.0,0.9,0.989010989010989,1.0,0.09847098339000311,0.09961182155724509,0.9885471608750136
3.0,0.9,0.989010989010989,1.0,0.10788095580781101,0.10787023727434523,1.0000993650680357
3.0,0.9,0.989010989010989,1.0,0.07354156750706149,0.0746324998078263,0.9853826107449988
3.0,0.9,0.989010989010989,1.0,0.12932865071468086,0.129959639895407,0.9951447296927419
3.0,0.9,0.989010989010989,1.0,0.1057800319181102,0.11768522908479441,0.8988386456034657
3.0,0.9,0.989010989010989,1.0,0.09872268615400638,0.09913728891190696,0.9958178929194949
3.0,0.9,0.989010989010989,1.0,0.11716871845818001,0.12150490681516107,0.9643126481831925
3.0,0.9,0.989010989010989,1.0,0.07051283320314233,0.07139695118334315,0.9876168664691234
3.0,0.9,0.989010989010989,1.0,0.056861876697340795,0.05997455651159614,0.9480999944759324
3.0,0.9,0.989010989010989,1.0,0.12242742228146196,0.12822107375165173,0.9548151384115582
3.0,0.9,0.989010989010989,1.0,0.15794481334020774,0.15668918618116426,1.0080134895690358
3.0,0.9,0.989010989010989,1.0,0.08492654340568388,0.08458333141311236,1.0040576788220275
3.0,0.9,0.989010989010989,1.0,0.06369108177686274,0.06581849957351606,0.9676775099639411
3.0,0.9,0.989010989010989,1.0,0.14609009841613632,0.13769422529737566,1.0609747656492365
3.0,0.9,0.989010989010989,1.0,0.08805297128678896,0.08529252453441208,1.032364462975453
3.0,0.9,0.989010989010989,1.0,0.1365061471696766,0.1380772810289254,0.9886213441665347
3.0,0.9,0.989010989010989,1.0,0.09360904463657946,0.08726817523690192,1.0726595850373213
3.0,0.9,0.989010989010989,1.0,0.09082312392871908,0.09009875464408199,1.0080397258263845
3.0,0.9,0.989010989010989,1.0,0.09250363736543292,0.0888346877471872,1.0413008669393549
3.0,0.9,0.989010989010989,1.0,0.08006253674275834,0.07469268778757789,1.0718925655808775
3.0,0.9,0.989010989010989,1.0,0.11581032969129199,0.11670262298829354,0.9923541281750706
3.0,0.9,0.989010989010989,1.0,0.09649143433384469,0.09422824728001579,1.024018138075979
3.0,0.9,0.989010989010989,1.0,0.0984974117857395,0.09868444728696096,0.9981047114680838
3.0,0.9,0.989010989010989,1.0,0.09338746186166232,0.09147302432123469,1.0209289848524579
3.0,0.9,0.989010989010989,1.0,0.10018591073811384,0.10118524195624509,0.9901237453327097
3.0,0.9,0.989010989010989,1.0,0.16792148953583436,0.16249229697091866,1.0334119996216642
3.0,0.9,0.989010989010989,1.0,0.07815739592989852,0.07651518277254153,1.021462579031391
3.0,0.9,0.989010989010989,1.0,0.07764293135231758,0.07879601510637636,0.9853662174095721
3.0,0.9,0.989010989010989,1.0,0.11907156614481157,0.11591282359748137,1.0272510189062363
3.0,0.9,0.989010989010989,1.0,0.13298814184202137,0.13456881739809542,0.9882537753794928
3.0,0.9,0.989010989010989,1.0,0.10039117071049244,0.09591295487201408,1.0466904167894115
3.0,0.9,0.989010989010989,1.0,0.12452420463618565,0.12126244393083456,1.0268983586312306
3.0,0.9,0.989010989010989,1.0,0.08505066293698217,0.08274856653924197,1.0278203779717257
3.0,0.9,0.989010989010989,1.0,0.09126393811766685,0.08616466061141374,1.0591806138394704
3.0,0.9,0.989010989010989,1.0,0.08273904468109775,0.0854272385828367,0.9685323563498746
3.0,0.9,0.989010989010989,1.0,0.08695485371141544,0.08894139417981249,0.9776646128980071
3.0,0.9,0.989010989010989,1.0,0.09919650635292158,0.10350247335437221,0.9583974482744211
3.0,0.9,0.989010989010989,1.0,0.08839899459484303,0.0898198656737226,0.9841808817211886
3.0,0.9,0.989010989010989,1.0,0.07714316959631932,0.06964348834577509,1.107686754766057
3.0,0.9,0.989010989010989,1.0,0.0877490338798196,0.0949600050568692,0.9240630708398643
3.0,0.9,0.989010989010989,1.0,0.07599761850950572,0.07383056349936755,1.029351733312407
3.0,0.9,0.989010989010989,1.0,0.07945806861258907,0.0781913993089795,1.0161995988664203
3.0,0.9,0.989010989010989,1.0,0.11535684833220215,0.1069231037397972,1.0788767282039333
3.0,0.9,0.989010989010989,1.0,0.12432388657101597,0.11367766920011253,1.0936526711518193
3.0,0.9,0.989010989010989,1.0,0.08117407726536004,0.07970280097422076,1.0184595305705146
3.0,0.9,0.989010989010989,1.0,0.08510604956140128,0.08468253605142577,1.0050011906790122
3.0,0.9,0.989010989010989,1.0,0.0867592667549931,0.08693595479545553,0.9979676068333505
3.0,0.9,0.989010989010989,1.0,0.08691207026159552,0.09382197623229711,0.9263508801648654
3.0,0.9,0.989010989010989,1.0,0.12478576226445194,0.12488391589272396,0.9992140410751026
3.0,0.9,0.989010989010989,1.0,0.13369673889713532,0.1353848540257638,0.9875309897789066
3.0,0.9,0.989010989010989,1.0,0.15108262561189031,0.1481023266110043,1.0201232422817628
3.0,0.9,0.989010989010989,1.0,0.10900519364658284,0.10713856452489301,1.0174225698278432
3.0,0.9,0.989010989010989,1.0,0.07905406082950694,0.08146930694255101,0.970353913594144
3.0,0.9,0.989010989010989,1.0,0.12636068819536306,0.12039970766123674,1.0495099253139257
3.0,0.9,0.989010989010989,1.0,0.07385171362680595,0.0734981630735912,1.0048103318291202
3.0,0.9,0.989010989010989,1.0,0.049744429381187436,0.049311004053553174,1.0087896268987657
3.0,0.9,0.989010989010989,1.0,0.10279711841409754,0.0999427998224928,1.0285595220133343
3.0,0.9,0.989010989010989,1.0,0.11763002714548289,0.12011248072333854,0.9793322595378442
3.0,0.9,0.989010989010989,1.0,0.09174296045468247,0.090020153463751,1.0191380143739168
3.0,0.9,0.989010989010989,1.0,0.078351577976512,0.07334838175453168,1.068211405654784
3.0,0.9,0.989010989010989,1.0,0.10960628003938094,0.10394689890685832,1.0544449251688952
3.0,0.9,0.989010989010989,1.0,0.05562478969143419,0.05827303175927385,0.9545545857510974
