kappa,cf,mse_ratio,cf_bin
0.0,7.543956192285305e-05,1.0,"(-0.000437, 0.0437]"
0.0,0.0006244879849378802,1.0,"(-0.000437, 0.0437]"
0.0,0.00034511554898151406,1.0,"(-0.000437, 0.0437]"
0.0,0.0006570436015428113,1.0,"(-0.000437, 0.0437]"
0.0,0.0061637809212252564,1.0,"(-0.000437, 0.0437]"
0.0,0.0001877807580449037,1.0,"(-0.000437, 0.0437]"
0.0,0.003639184928776156,1.0,"(-0.000437, 0.0437]"
0.0,0.0008933496335596391,1.0,"(-0.000437, 0.0437]"
0.0,0.0002585561844840511,1.0,"(-0.000437, 0.0437]"
0.0,0.0035918729436140453,1.0,"(-0.000437, 0.0437]"
0.0,0.00047633562590405996,1.0,"(-0.000437, 0.0437]"
0.0,0.0001703429469192741,1.0,"(-0.000437, 0.0437]"
0.0,7.471530200543844e-08,1.0,"(-0.000437, 0.0437]"
0.0,0.0003968256332883044,1.0,"(-0.000437, 0.0437]"
0.0,1.9380076931172293e-05,1.0,"(-0.000437, 0.0437]"
0.0,0.00015580111202046884,1.0,"(-0.000437, 0.0437]"
0.0,0.00019000778206092905,1.0,"(-0.000437, 0.0437]"
0.0,7.763566506082428e-06,1.0,"(-0.000437, 0.0437]"
0.0,0.001239199235282856,1.0,"(-0.000437, 0.0437]"
0.0,5.338352279950516e-05,1.0,"(-0.000437, 0.0437]"
0.0,0.0003745787446296376,1.0,"(-0.000437, 0.0437]"
0.0,3.1748365525053816e-05,1.0,"(-0.000437, 0.0437]"
0.0,0.001384324967457329,1.0,"(-0.000437, 0.0437]"
0.0,0.00012520426657588443,1.0,"(-0.000437, 0.0437]"
0.0,0.000535345398863117,1.0,"(-0.000437, 0.0437]"
0.0,0.0004694208247282982,1.0,"(-0.000437, 0.0437]"
0.0,0.0013187801384619766,1.0,"(-0.000437, 0.0437]"
0.0,0.00015061426381373993,1.0,"(-0.000437, 0.0437]"
0.0,0.0011763842232839132,1.0,"(-0.000437, 0.0437]"
0.0,0.0005149193067533322,1.0,"(-0.000437, 0.0437]"
0.0,0.00015419723559110198,1.0,"(-0.000437, 0.0437]"
0.0,0.0013234253443278202,1.0,"(-0.000437, 0.0437]"
0.0,0.0005855110992918722,1.0,"(-0.000437, 0.0437]"
0.0,5.030490360829915e-05,1.0,"(-0.000437, 0.0437]"
0.0,0.00038087985582591365,1.0,"(-0.000437, 0.0437]"
0.0,0.0063896021365656835,1.0,"(-0.000437, 0.0437]"
0.0,0.00137993271818597,1.0,"(-0.000437, 0.0437]"
0.0,0.0006287855825661666,1.0,"(-0.000437, 0.0437]"
0.0,0.00014243850513223587,1.0,"(-0.000437, 0.0437]"
0.0,0.0005418572076870378,1.0,"(-0.000437, 0.0437]"
0.0,0.0006432184669175763,1.0,"(-0.000437, 0.0437]"
0.0,0.00382660707202138,1.0,"(-0.000437, 0.0437]"
0.0,0.0014545279329717159,1.0,"(-0.000437, 0.0437]"
0.0,3.2306627375748485e-05,1.0,"(-0.000437, 0.0437]"
0.0,0.0033828855544191286,1.0,"(-0.000437, 0.0437]"
0.0,0.0021608142418486865,1.0,"(-0.000437, 0.0437]"
0.0,0.00039939368804253446,1.0,"(-0.000437, 0.0437]"
0.0,0.0003213960787486706,1.0,"(-0.000437, 0.0437]"
0.0,0.0004971159843490724,1.0,"(-0.000437, 0.0437]"
0.0,0.00036835988574475165,1.0,"(-0.000437, 0.0437]"
0.1,0.0035818370462937497,1.018697650750513,"(-0.000437, 0.0437]"
0.1,0.0007610575290704688,1.0374253294250027,"(-0.000437, 0.0437]"
0.1,0.038111798359381596,1.163359271166105,"(-0.000437, 0.0437]"
0.1,0.01042188178653709,1.006567328766318,"(-0.000437, 0.0437]"
0.1,0.016261062981086417,1.0624215633772403,"(-0.000437, 0.0437]"
0.1,0.009092343066579677,1.030473198878202,"(-0.000437, 0.0437]"
0.1,0.012496595514737033,0.9953413263884309,"(-0.000437, 0.0437]"
0.1,0.01002845438643248,1.0943658808084498,"(-0.000437, 0.0437]"
0.1,0.036270358982746026,1.8846416385942688,"(-0.000437, 0.0437]"
0.1,0.0006052740497280176,1.0008974619562325,"(-0.000437, 0.0437]"
0.1,0.009598999537641604,1.079889077070806,"(-0.000437, 0.0437]"
0.1,0.05284871937579608,1.107533765378765,"(0.0437, 0.0873]"
0.1,0.024987363979553916,1.0653131058730405,"(-0.000437, 0.0437]"
0.1,0.015434397493733187,1.0037015192923928,"(-0.000437, 0.0437]"
0.1,0.010155824896757305,1.0674876501169226,"(-0.000437, 0.0437]"
0.1,1.251556684176946e-05,1.0175010781303766,"(-0.000437, 0.0437]"
0.1,0.01542999378146783,1.0603931733804528,"(-0.000437, 0.0437]"
0.1,0.0025716994745701507,1.0428918167768233,"(-0.000437, 0.0437]"
0.1,0.03187088184248093,1.5965518071923306,"(-0.000437, 0.0437]"
0.1,0.008013781448755013,1.0638630790829926,"(-0.000437, 0.0437]"
0.1,0.005616480092024452,1.0500855923049306,"(-0.000437, 0.0437]"
0.1,0.011275947070529485,1.0283554637738404,"(-0.000437, 0.0437]"
0.1,0.0003037368921224495,1.0213487262300274,"(-0.000437, 0.0437]"
0.1,0.0031281934827731635,0.9871214994373115,"(-0.000437, 0.0437]"
0.1,0.006032255031658918,1.021833936101511,"(-0.000437, 0.0437]"
0.1,0.0024920816643581077,1.0566017172146622,"(-0.000437, 0.0437]"
0.1,0.02688456495034732,1.0908462118472748,"(-0.000437, 0.0437]"
0.1,1.0604640016835831e-05,1.0437547010488077,"(-0.000437, 0.0437]"
0.1,0.02224897725488362,1.0239194601441524,"(-0.000437, 0.0437]"
0.1,0.005167374206705148,1.029897681598845,"(-0.000437, 0.0437]"
0.1,0.002050231124369401,1.0172431226307166,"(-0.000437, 0.0437]"
0.1,0.01428683998346839,1.4077399167678024,"(-0.000437, 0.0437]"
0.1,0.0014439841695162332,1.0437899559859638,"(-0.000437, 0.0437]"
0.1,0.020512926656988194,1.1194069996361726,"(-0.000437, 0.0437]"
0.1,0.010644154112181874,1.0047542201967559,"(-0.000437, 0.0437]"
0.1,0.004839180253066697,1.0264755416097855,"(-0.000437, 0.0437]"
0.1,0.018970700618107718,0.970159748665077,"(-0.000437, 0.0437]"
0.1,0.023195004996534565,1.181656306029867,"(-0.000437, 0.0437]"
0.1,0.02930415466646317,1.0546814025182882,"(-0.000437, 0.0437]"
0.1,0.0340991632848449,1.1193692547977314,"(-0.000437, 0.0437]"
0.1,0.03251130864023854,1.0527060277863758,"(-0.000437, 0.0437]"
0.1,0.016290471006841632,1.2822863712548278,"(-0.000437, 0.0437]"
0.1,0.04793755347103766,1.1846445259769312,"(0.0437, 0.0873]"
0.1,0.015389135338721218,1.040055456862669,"(-0.000437, 0.0437]"
0.1,0.00200794394633358,1.1123709093081353,"(-0.000437, 0.0437]"
0.1,0.009229509057855313,1.0162752233694867,"(-0.000437, 0.0437]"
0.1,0.018364195384157633,1.0517717908686617,"(-0.000437, 0.0437]"
0.1,0.0074213844911854895,1.132871453507418,"(-0.000437, 0.0437]"
0.1,0.03350941177567649,1.028543412458973,"(-0.000437, 0.0437]"
0.1,0.001393927062903278,1.01386356656849,"(-0.000437, 0.0437]"
0.2,0.0454977145916489,1.1096429872364721,"(0.0437, 0.0873]"
0.2,0.06451568525121464,1.8189647917237426,"(0.0437, 0.0873]"
0.2,0.023884541105493526,1.292078484130528,"(-0.000437, 0.0437]"
0.2,0.017891987402362208,1.5529642823572283,"(-0.000437, 0.0437]"
0.2,0.020147276192101514,1.0919142322153925,"(-0.000437, 0.0437]"
0.2,0.10888578666047342,1.30170992814342,"(0.0873, 0.131]"
0.2,0.017930156730754467,1.0034051788175549,"(-0.000437, 0.0437]"
0.2,0.030375375768067446,1.1524478444155215,"(-0.000437, 0.0437]"
0.2,0.06493994465064347,1.3976448187436434,"(0.0437, 0.0873]"
0.2,0.06319140248056232,1.5052592970535634,"(0.0437, 0.0873]"
0.2,0.009051855035861443,1.0067725088611026,"(-0.000437, 0.0437]"
0.2,0.026379908094607083,1.2037982372053002,"(-0.000437, 0.0437]"
0.2,0.04726253124529895,1.5313567160199943,"(0.0437, 0.0873]"
0.2,0.0021531411551992965,1.0369126893170377,"(-0.000437, 0.0437]"
0.2,0.047422353938709375,1.108906836118681,"(0.0437, 0.0873]"
0.2,0.04827223934882276,1.071963777901056,"(0.0437, 0.0873]"
0.2,0.011246929454734555,1.0569756351777786,"(-0.000437, 0.0437]"
0.2,0.01848041742047021,1.0044698460071928,"(-0.000437, 0.0437]"
0.2,0.09393288456047083,1.4838413065079015,"(0.0873, 0.131]"
0.2,0.05412164585398362,2.8476174452730674,"(0.0437, 0.0873]"
0.2,0.023963743578653107,1.329714500794402,"(-0.000437, 0.0437]"
0.2,0.025303000743989768,1.585045575635809,"(-0.000437, 0.0437]"
0.2,0.0263386198461487,1.0932204611337388,"(-0.000437, 0.0437]"
0.2,0.003297328794733376,1.066046820938708,"(-0.000437, 0.0437]"
0.2,0.03397523257445936,1.6129455601277671,"(-0.000437, 0.0437]"
0.2,0.01001627597992026,1.083456748216102,"(-0.000437, 0.0437]"
0.2,0.03767273444928311,1.1385764589336982,"(-0.000437, 0.0437]"
0.2,0.03000481284843494,1.0718402013251234,"(-0.000437, 0.0437]"
0.2,0.0330779620837959,1.6085609956906737,"(-0.000437, 0.0437]"
0.2,0.0018103112812842873,0.9778907313082377,"(-0.000437, 0.0437]"
0.2,0.030502951120092176,1.0598678563463522,"(-0.000437, 0.0437]"
0.2,0.06867364283089344,1.2727985236771109,"(0.0437, 0.0873]"
0.2,0.053363152639237695,1.1282485670953923,"(0.0437, 0.0873]"
0.2,0.0241286906772393,1.1256830998954253,"(-0.000437, 0.0437]"
0.2,0.007195111907332529,1.0476464264914027,"(-0.000437, 0.0437]"
0.2,0.02805840302551194,1.212289879938242,"(-0.000437, 0.0437]"
0.2,0.036870533678868854,1.0415929585381933,"(-0.000437, 0.0437]"
0.2,0.004115879998955867,1.282652713668549,"(-0.000437, 0.0437]"
0.2,0.012605674524122906,1.1245803076874825,"(-0.000437, 0.0437]"
0.2,0.004613347991946999,1.025537520983404,"(-0.000437, 0.0437]"
0.2,0.09599180451504687,9.25903273782577,"(0.0873, 0.131]"
0.2,0.05258806006025634,3.3151789797145628,"(0.0437, 0.0873]"
0.2,0.05424163335167471,1.2751901446513274,"(0.0437, 0.0873]"
0.2,0.02102446666230155,1.5061240293742504,"(-0.000437, 0.0437]"
0.2,0.038865024420212266,1.4534853912141124,"(-0.000437, 0.0437]"
0.2,0.0653348278406386,1.2241234148976126,"(0.0437, 0.0873]"
0.2,0.07629821589679892,1.2560466929302314,"(0.0437, 0.0873]"
0.2,0.040816111168462524,1.1593936062369952,"(-0.000437, 0.0437]"
0.2,0.014317127041311793,1.0138551486881069,"(-0.000437, 0.0437]"
0.2,0.0041421592854464385,1.01450184205151,"(-0.000437, 0.0437]"
0.30000000000000004,0.04495645055266389,2.874375099388561,"(0.0437, 0.0873]"
0.30000000000000004,0.09163380896634578,1.7645083408011382,"(0.0873, 0.131]"
0.30000000000000004,0.0066079328496339755,0.9941208227692141,"(-0.000437, 0.0437]"
0.30000000000000004,0.10129331508873192,1.8382955333754012,"(0.0873, 0.131]"
0.30000000000000004,0.03788442461708127,1.1895227230399081,"(-0.000437, 0.0437]"
0.30000000000000004,0.13379508448093505,3.130510268051208,"(0.131, 0.175]"
0.30000000000000004,0.04404307458025153,1.0854825454598587,"(0.0437, 0.0873]"
0.30000000000000004,0.03015404954771608,1.0373265879340108,"(-0.000437, 0.0437]"
0.30000000000000004,0.043137197126418614,1.6040075086568204,"(-0.000437, 0.0437]"
0.30000000000000004,0.05431886647652772,1.094443852329407,"(0.0437, 0.0873]"
0.30000000000000004,0.027247347246545994,1.0743098990211837,"(-0.000437, 0.0437]"
0.30000000000000004,0.07747968474132366,1.5118552806317662,"(0.0437, 0.0873]"
0.30000000000000004,0.0416950358105191,2.1409359119267384,"(-0.000437, 0.0437]"
0.30000000000000004,0.04670267457339976,1.1504295853618158,"(0.0437, 0.0873]"
0.30000000000000004,0.018781609399232693,2.6711667695424257,"(-0.000437, 0.0437]"
0.30000000000000004,0.1461715688545462,8.107291780387024,"(0.131, 0.175]"
0.30000000000000004,0.024001042468306706,1.788371569198555,"(-0.000437, 0.0437]"
0.30000000000000004,0.04103312940562033,1.0998624073966996,"(-0.000437, 0.0437]"
0.30000000000000004,0.05739260769125385,4.147375372800717,"(0.0437, 0.0873]"
0.30000000000000004,0.12761151015470346,7.376121086348681,"(0.0873, 0.131]"
0.30000000000000004,0.11101928386657717,1.4529744469858423,"(0.0873, 0.131]"
0.30000000000000004,0.07220548695187855,1.209890513361489,"(0.0437, 0.0873]"
0.30000000000000004,0.03347441712498755,1.2696642135868195,"(-0.000437, 0.0437]"
0.30000000000000004,0.03937598055621379,1.2802955439115646,"(-0.000437, 0.0437]"
0.30000000000000004,0.0862411402284656,3.035671741255875,"(0.0437, 0.0873]"
0.30000000000000004,0.05775197879951949,1.3619717400749591,"(0.0437, 0.0873]"
0.30000000000000004,0.05742093033648863,1.3283953308845766,"(0.0437, 0.0873]"
0.30000000000000004,0.027537614550039072,1.0737915368907656,"(-0.000437, 0.0437]"
0.30000000000000004,0.023944917009965417,1.650924141740998,"(-0.000437, 0.0437]"
0.30000000000000004,0.06505167567727069,1.87471277371312,"(0.0437, 0.0873]"
0.30000000000000004,0.05965465069173444,1.391081504313503,"(0.0437, 0.0873]"
0.30000000000000004,0.029002276400275508,1.140096815289446,"(-0.000437, 0.0437]"
0.30000000000000004,0.09231022631156144,1.271419491358127,"(0.0873, 0.131]"
0.30000000000000004,0.028804927511850917,1.0649118684934678,"(-0.000437, 0.0437]"
0.30000000000000004,0.07890254731928603,1.3350783641658395,"(0.0437, 0.0873]"
0.30000000000000004,0.04895350676647022,1.0303465405724974,"(0.0437, 0.0873]"
0.30000000000000004,0.14531355601824814,12.766975672029291,"(0.131, 0.175]"
0.30000000000000004,0.06948263398461034,1.6411081374541456,"(0.0437, 0.0873]"
0.30000000000000004,0.050510713341703005,4.040622704579033,"(0.0437, 0.0873]"
0.30000000000000004,0.11612640570007879,1.2040096209142965,"(0.0873, 0.131]"
0.30000000000000004,0.04184706968926598,1.141091953555665,"(-0.000437, 0.0437]"
0.30000000000000004,0.07589324200696786,2.3831439541792734,"(0.0437, 0.0873]"
0.30000000000000004,0.16234574332582313,8.530632849393701,"(0.131, 0.175]"
0.30000000000000004,0.10913925044663839,1.1419039114098954,"(0.0873, 0.131]"
0.30000000000000004,0.05307579924574643,1.0903627121027717,"(0.0437, 0.0873]"
0.30000000000000004,0.01658437531978215,1.1110475214380546,"(-0.000437, 0.0437]"
0.30000000000000004,0.04664716286644637,1.1800292827752479,"(0.0437, 0.0873]"
0.30000000000000004,0.05286299770868413,1.3211950394368317,"(0.0437, 0.0873]"
0.30000000000000004,0.08144743681874708,10.963847221337335,"(0.0437, 0.0873]"
0.30000000000000004,0.1043725874480744,1.7589825480489467,"(0.0873, 0.131]"
0.4,0.05277242414814849,5.827375056429619,"(0.0437, 0.0873]"
0.4,0.05402390356392051,1.2407443864779406,"(0.0437, 0.0873]"
0.4,0.05526313538368565,1.2046111971340203,"(0.0437, 0.0873]"
0.4,0.17096561033997512,2.2842948157075873,"(0.131, 0.175]"
0.4,0.016144265144799236,1.3729062676133377,"(-0.000437, 0.0437]"
0.4,0.08362779008843835,1.603636861072107,"(0.0437, 0.0873]"
0.4,0.07062314960580117,1.5812260756885186,"(0.0437, 0.0873]"
0.4,0.16702354832316763,1.4336465009823915,"(0.131, 0.175]"
0.4,0.10539851607211297,5.61754298132502,"(0.0873, 0.131]"
0.4,0.13300485377292284,1.5680790180467254,"(0.131, 0.175]"
0.4,0.124435064586445,2.6253649620770045,"(0.0873, 0.131]"
0.4,0.005455677931948019,2.113948120587725,"(-0.000437, 0.0437]"
0.4,0.14256506381475328,6.421239120108719,"(0.131, 0.175]"
0.4,0.06917406514327014,1.2941337328666884,"(0.0437, 0.0873]"
0.4,0.04251698428556661,1.6309394501411927,"(-0.000437, 0.0437]"
0.4,0.15772004973348683,4.121359666635409,"(0.131, 0.175]"
0.4,0.07365991410643569,11.455982503107677,"(0.0437, 0.0873]"
0.4,0.07887807129569073,1.3470176380750936,"(0.0437, 0.0873]"
0.4,0.17285610979618082,7.283395919582982,"(0.131, 0.175]"
0.4,0.06467571621394731,1.075040153539843,"(0.0437, 0.0873]"
0.4,0.14575692958485334,2.7315737477894326,"(0.131, 0.175]"
0.4,0.1019369595302844,11.853501308149157,"(0.0873, 0.131]"
0.4,0.023951705225840267,2.7339909673620797,"(-0.000437, 0.0437]"
0.4,0.06345981801461223,1.7479663705673638,"(0.0437, 0.0873]"
0.4,0.057435283260437245,1.228911752731667,"(0.0437, 0.0873]"
0.4,0.08066359355864079,1.1089818729857113,"(0.0437, 0.0873]"
0.4,0.054859734483772994,2.0449866207763683,"(0.0437, 0.0873]"
0.4,0.04488158765032077,1.5178020292428747,"(0.0437, 0.0873]"
0.4,0.06197174850969302,2.1550918199021507,"(0.0437, 0.0873]"
0.4,0.06437468420515041,1.5733009129520277,"(0.0437, 0.0873]"
0.4,0.10718992637334569,1.2957685799321337,"(0.0873, 0.131]"
0.4,0.054273426052249524,1.276699184000606,"(0.0437, 0.0873]"
0.4,0.024903501601582584,1.715511028880465,"(-0.000437, 0.0437]"
0.4,0.05487415271957948,1.251384747606752,"(0.0437, 0.0873]"
0.4,0.07664798998069171,1.444816372879654,"(0.0437, 0.0873]"
0.4,0.0550465127337555,1.8692785095259385,"(0.0437, 0.0873]"
0.4,0.18716848056231747,3.6393571079453833,"(0.175, 0.218]"
0.4,0.10223207050295281,1.2911940138039448,"(0.0873, 0.131]"
0.4,0.030884780937270793,3.93008594946003,"(-0.000437, 0.0437]"
0.4,0.09712198251206323,1.6449686698402022,"(0.0873, 0.131]"
0.4,0.03211352494874096,2.1422846117591083,"(-0.000437, 0.0437]"
0.4,0.03498835186321115,1.5700217320711158,"(-0.000437, 0.0437]"
0.4,0.05998648189796151,1.0925972660996979,"(0.0437, 0.0873]"
0.4,0.17502989524442275,1.5685101179435577,"(0.175, 0.218]"
0.4,0.17139091588345481,2.8675489647760686,"(0.131, 0.175]"
0.4,0.15365785432768767,4.576998042551632,"(0.131, 0.175]"
0.4,0.06243076257118426,2.7237065996916026,"(0.0437, 0.0873]"
0.4,0.1096627109492149,10.020362986076213,"(0.0873, 0.131]"
0.4,0.11733809142261575,10.050074750776659,"(0.0873, 0.131]"
0.4,0.08060544807531833,2.0802432755555773,"(0.0437, 0.0873]"
0.5,0.08837116332752308,1.2402706743617462,"(0.0873, 0.131]"
0.5,0.05679612874700869,1.7653850763149932,"(0.0437, 0.0873]"
0.5,0.1967259159026066,2.4790051496412184,"(0.175, 0.218]"
0.5,0.041433306336043155,1.9024148863775472,"(-0.000437, 0.0437]"
0.5,0.03392365747666517,1.7909525331094878,"(-0.000437, 0.0437]"
0.5,0.041121544832249994,16.471177956191116,"(-0.000437, 0.0437]"
0.5,0.02078200571709322,1.7588284272845853,"(-0.000437, 0.0437]"
0.5,0.07052301367116398,1.2457739118547497,"(0.0437, 0.0873]"
0.5,0.21647535374581928,2.2025919776328093,"(0.175, 0.218]"
0.5,0.09484162399758286,6.4671578052722785,"(0.0873, 0.131]"
0.5,0.08050045983572052,9.800208260489791,"(0.0437, 0.0873]"
0.5,0.11039707224832791,10.46791783137094,"(0.0873, 0.131]"
0.5,0.13893908726411333,1.1948728058146785,"(0.131, 0.175]"
0.5,0.11298763734258521,1.228812343999212,"(0.0873, 0.131]"
0.5,0.05266872698618311,1.5082179689437267,"(0.0437, 0.0873]"
0.5,0.030654717800993436,1.591036596361864,"(-0.000437, 0.0437]"
0.5,0.11867415291859205,5.597278225934553,"(0.0873, 0.131]"
0.5,0.21160707380429689,7.078720609906426,"(0.175, 0.218]"
0.5,0.13427040215779962,1.6611411523079478,"(0.131, 0.175]"
0.5,0.07852697563981173,13.496930542821199,"(0.0437, 0.0873]"
0.5,0.12087693691718061,1.849753373573776,"(0.0873, 0.131]"
0.5,0.15224045365750014,5.704864535940298,"(0.131, 0.175]"
0.5,0.10777812283296098,3.066029506189205,"(0.0873, 0.131]"
0.5,0.16569704956724177,1.9968121411473696,"(0.131, 0.175]"
0.5,0.13686485192437875,2.755271600265613,"(0.131, 0.175]"
0.5,0.09524722667318374,1.2332973606327113,"(0.0873, 0.131]"
0.5,0.05074400201773704,1.590888117357208,"(0.0437, 0.0873]"
0.5,0.20477558439249244,2.6228690839534905,"(0.175, 0.218]"
0.5,0.20533923187938097,7.648425828105333,"(0.175, 0.218]"
0.5,0.08166191674313335,2.4317114567092837,"(0.0437, 0.0873]"
0.5,0.02357644589403595,1.939406564319245,"(-0.000437, 0.0437]"
0.5,0.03093320572086308,1.2765695993636366,"(-0.000437, 0.0437]"
0.5,0.1031084085397784,1.520428927702,"(0.0873, 0.131]"
0.5,0.18361650209045074,5.6181190422054765,"(0.175, 0.218]"
0.5,0.1759043260397343,1.4427761054491615,"(0.175, 0.218]"
0.5,0.10203361185475569,1.5840872553075522,"(0.0873, 0.131]"
0.5,0.007951024185924822,2.064006257804134,"(-0.000437, 0.0437]"
0.5,0.1183560465530781,10.561520041526249,"(0.0873, 0.131]"
0.5,0.11427603510825998,2.633836341449388,"(0.0873, 0.131]"
0.5,0.15246332824356973,6.746730322544603,"(0.131, 0.175]"
0.5,0.0485325491933162,2.736046742171217,"(0.0437, 0.0873]"
0.5,0.12329196502257968,1.6407171667839904,"(0.0873, 0.131]"
0.5,0.028819147697646978,2.060496134776495,"(-0.000437, 0.0437]"
0.5,0.13008576023122725,2.156190910285894,"(0.0873, 0.131]"
0.5,0.1064972894860892,1.6932617640973968,"(0.0873, 0.131]"
0.5,0.052296455722904166,1.897740483270235,"(0.0437, 0.0873]"
0.5,0.060950060830231974,1.697659139356884,"(0.0437, 0.0873]"
0.5,0.10758178911459126,13.41831019757236,"(0.0873, 0.131]"
0.5,0.01638645429477872,2.73865052784109,"(-0.000437, 0.0437]"
0.5,0.05620223834213104,1.581721921472241,"(0.0437, 0.0873]"
0.6000000000000001,0.0382832314079632,1.720975818503335,"(-0.000437, 0.0437]"
0.6000000000000001,0.09560748407704597,1.1376929473683908,"(0.0873, 0.131]"
0.6000000000000001,0.1479794181208315,1.5029879303732159,"(0.131, 0.175]"
0.6000000000000001,0.1583344376311775,9.360566231902686,"(0.131, 0.175]"
0.6000000000000001,0.09277687017854727,1.3035882615851981,"(0.0873, 0.131]"
0.6000000000000001,0.13954569645448364,5.101645230474565,"(0.131, 0.175]"
0.6000000000000001,0.0931275366774125,1.3133436363918543,"(0.0873, 0.131]"
0.6000000000000001,0.10729623913720604,1.7733734070402347,"(0.0873, 0.131]"
0.6000000000000001,0.11182475920745993,1.3621387280592163,"(0.0873, 0.131]"
0.6000000000000001,0.0811190436254793,7.4695504123918735,"(0.0437, 0.0873]"
0.6000000000000001,0.18918958183121026,9.729862442554113,"(0.175, 0.218]"
0.6000000000000001,0.13348096015516217,4.9898472506654965,"(0.131, 0.175]"
0.6000000000000001,0.11375038260017896,7.301968829830816,"(0.0873, 0.131]"
0.6000000000000001,0.10041143814883668,1.3105809335066487,"(0.0873, 0.131]"
0.6000000000000001,0.1162810447388913,1.2666357269558015,"(0.0873, 0.131]"
0.6000000000000001,0.026596244326784722,2.2704790065064504,"(-0.000437, 0.0437]"
0.6000000000000001,0.05703188437207109,10.888665399855627,"(0.0437, 0.0873]"
0.6000000000000001,0.10789728349956794,14.467255438364424,"(0.0873, 0.131]"
0.6000000000000001,0.13935177019877962,1.1940896745043446,"(0.131, 0.175]"
0.6000000000000001,0.10979159236328868,1.2964490815065586,"(0.0873, 0.131]"
0.6000000000000001,0.08504871241219822,1.1644921466896008,"(0.0437, 0.0873]"
0.6000000000000001,0.14387545733175716,2.6081701106127735,"(0.131, 0.175]"
0.6000000000000001,0.0059183366591406515,2.1569147251885914,"(-0.000437, 0.0437]"
0.6000000000000001,0.12137964783187248,1.6456212698885067,"(0.0873, 0.131]"
0.6000000000000001,0.2647511142215121,6.302056010807459,"(0.262, 0.306]"
0.6000000000000001,0.09927674676933224,3.319042598785587,"(0.0873, 0.131]"
0.6000000000000001,0.10320454228928673,4.072359012718478,"(0.0873, 0.131]"
0.6000000000000001,0.275025888367591,8.142573049826717,"(0.262, 0.306]"
0.6000000000000001,0.11247450731200295,2.1141097362398797,"(0.0873, 0.131]"
0.6000000000000001,0.04648657984799928,1.5214403325973094,"(0.0437, 0.0873]"
0.6000000000000001,0.194463005467832,2.4512525576164803,"(0.175, 0.218]"
0.6000000000000001,0.1404396893089385,1.7279838247998303,"(0.131, 0.175]"
0.6000000000000001,0.15300391175335482,1.4581690681506705,"(0.131, 0.175]"
0.6000000000000001,0.11831056080597707,6.123677851631314,"(0.0873, 0.131]"
0.6000000000000001,0.041680571945957985,1.99125329865123,"(-0.000437, 0.0437]"
0.6000000000000001,0.10200059961134382,9.232333572444034,"(0.0873, 0.131]"
0.6000000000000001,0.07742195035081,1.2066460150744092,"(0.0437, 0.0873]"
0.6000000000000001,0.028379320318857208,16.810227289129063,"(-0.000437, 0.0437]"
0.6000000000000001,0.08601296113601717,1.783924905271357,"(0.0437, 0.0873]"
0.6000000000000001,0.009650343179110834,1.8255556522508631,"(-0.000437, 0.0437]"
0.6000000000000001,0.035321217877114584,1.9458055274411772,"(-0.000437, 0.0437]"
0.6000000000000001,0.08359917942393659,9.64168771672215,"(0.0437, 0.0873]"
0.6000000000000001,0.0546177690785798,1.4930109508596618,"(0.0437, 0.0873]"
0.6000000000000001,0.16947680617356364,1.7372196977753114,"(0.131, 0.175]"
0.6000000000000001,0.15023497853660758,11.695806451815896,"(0.131, 0.175]"
0.6000000000000001,0.16786923376657192,2.1917139228310405,"(0.131, 0.175]"
0.6000000000000001,0.006174472485626922,1.7815894972955875,"(-0.000437, 0.0437]"
0.6000000000000001,0.17094379739853507,2.5074101239196898,"(0.131, 0.175]"
0.6000000000000001,0.08710634100502465,4.082536721357147,"(0.0437, 0.0873]"
0.6000000000000001,0.0013034465449641398,2.7125568967423286,"(-0.000437, 0.0437]"
0.7000000000000001,0.02001012259129129,1.9492697398261414,"(-0.000437, 0.0437]"
0.7000000000000001,0.00010716247418743624,2.3372184234442446,"(-0.000437, 0.0437]"
0.7000000000000001,0.004621793423559855,2.1796688595008384,"(-0.000437, 0.0437]"
0.7000000000000001,0.2433058967627826,6.506312153779299,"(0.218, 0.262]"
0.7000000000000001,0.07803550380356532,11.739230021318868,"(0.0437, 0.0873]"
0.7000000000000001,0.08657299787045969,9.408387428365794,"(0.0437, 0.0873]"
0.7000000000000001,0.25235934788956516,10.102507442717197,"(0.218, 0.262]"
0.7000000000000001,0.17643286989916623,2.834011251758323,"(0.175, 0.218]"
0.7000000000000001,0.06716721496655419,15.987303477901682,"(0.0437, 0.0873]"
0.7000000000000001,0.10256835977915761,13.682975556345289,"(0.0873, 0.131]"
0.7000000000000001,0.03049878696445745,17.977897593370226,"(-0.000437, 0.0437]"
0.7000000000000001,0.051516361033374564,1.375937932840581,"(0.0437, 0.0873]"
0.7000000000000001,0.14644965307547728,1.3306892733694364,"(0.131, 0.175]"
0.7000000000000001,0.136600436048973,3.1822049534743124,"(0.131, 0.175]"
0.7000000000000001,0.049894316693051825,17.183601951818048,"(0.0437, 0.0873]"
0.7000000000000001,0.0886217590165299,2.229538845978193,"(0.0873, 0.131]"
0.7000000000000001,0.1729256814606317,4.569775736193294,"(0.131, 0.175]"
0.7000000000000001,0.1423932122042702,2.5971087809457205,"(0.131, 0.175]"
0.7000000000000001,0.17391429896403396,9.616712583538265,"(0.131, 0.175]"
0.7000000000000001,0.024081962626681646,2.006832593506547,"(-0.000437, 0.0437]"
0.7000000000000001,0.027475790177299408,1.8564498954977735,"(-0.000437, 0.0437]"
0.7000000000000001,0.14952902119268635,1.8285348031412303,"(0.131, 0.175]"
0.7000000000000001,0.08500333511165344,1.686551680901785,"(0.0437, 0.0873]"
0.7000000000000001,0.10785313596568735,1.777649042065444,"(0.0873, 0.131]"
0.7000000000000001,0.17286845891950714,2.219647776932075,"(0.131, 0.175]"
0.7000000000000001,0.0901333798047486,1.4656737502573882,"(0.0873, 0.131]"
0.7000000000000001,0.06842938429642471,1.8428010265186237,"(0.0437, 0.0873]"
0.7000000000000001,0.20379569782120058,4.152035042258439,"(0.175, 0.218]"
0.7000000000000001,0.020220250187363543,2.725885201458385,"(-0.000437, 0.0437]"
0.7000000000000001,0.15512060006571565,2.7858301528585603,"(0.131, 0.175]"
0.7000000000000001,0.061964224408929396,1.7517421339249446,"(0.0437, 0.0873]"
0.7000000000000001,0.0036711389182881504,1.9806217629247416,"(-0.000437, 0.0437]"
0.7000000000000001,0.11721339046641545,1.5075657267453293,"(0.0873, 0.131]"
0.7000000000000001,0.14405299637076044,1.2627322477474336,"(0.131, 0.175]"
0.7000000000000001,0.11302142244411831,1.2308344677942122,"(0.0873, 0.131]"
0.7000000000000001,0.10175031853480389,8.098630833489342,"(0.0873, 0.131]"
0.7000000000000001,0.17940020652195632,11.119700791625412,"(0.175, 0.218]"
0.7000000000000001,0.04485645385117211,9.107773447370061,"(0.0437, 0.0873]"
0.7000000000000001,0.09997907379882283,8.884297752051339,"(0.0873, 0.131]"
0.7000000000000001,0.052910935974566475,13.242333193751275,"(0.0437, 0.0873]"
0.7000000000000001,0.016014084311588503,2.2127099039027525,"(-0.000437, 0.0437]"
0.7000000000000001,0.1559273585324909,1.369696749538535,"(0.131, 0.175]"
0.7000000000000001,0.11750109793169432,6.33678574216377,"(0.0873, 0.131]"
0.7000000000000001,0.18961965385746415,13.779088558446514,"(0.175, 0.218]"
0.7000000000000001,0.19757428236559463,8.076826794109081,"(0.175, 0.218]"
0.7000000000000001,0.01433519264979885,2.467253790927588,"(-0.000437, 0.0437]"
0.7000000000000001,0.25204862029007197,4.285697968861171,"(0.218, 0.262]"
0.7000000000000001,0.17648583408760768,6.005573845016492,"(0.175, 0.218]"
0.7000000000000001,0.10242891256229855,11.549511323666302,"(0.0873, 0.131]"
0.7000000000000001,0.18037116425737434,2.682912662900752,"(0.175, 0.218]"
0.8,0.20516259787510946,3.966202739976983,"(0.175, 0.218]"
0.8,0.2342577385721044,6.747527234588879,"(0.218, 0.262]"
0.8,0.04085178230282234,1.614820374114929,"(-0.000437, 0.0437]"
0.8,0.09734041908840808,12.398242183618793,"(0.0873, 0.131]"
0.8,0.201744895352378,9.364969512139723,"(0.175, 0.218]"
0.8,0.11118667804316591,9.251708459848638,"(0.0873, 0.131]"
0.8,0.07452837303604436,1.4703969963809806,"(0.0437, 0.0873]"
0.8,0.16011515231768933,8.393038152721866,"(0.131, 0.175]"
0.8,0.09391798130016869,10.66505348624157,"(0.0873, 0.131]"
0.8,0.0035706941991324754,2.1551129911912716,"(-0.000437, 0.0437]"
0.8,0.1378007242484592,1.374356262041106,"(0.131, 0.175]"
0.8,0.028474740419844234,1.881345149260708,"(-0.000437, 0.0437]"
0.8,0.05927222976347903,17.544884890366895,"(0.0437, 0.0873]"
0.8,0.08336302372632973,8.003133758196627,"(0.0437, 0.0873]"
0.8,1.8856750808551392e-05,2.7213559340500866,"(-0.000437, 0.0437]"
0.8,0.06540430169612606,11.240245274940099,"(0.0437, 0.0873]"
0.8,0.09570165866941142,7.148259649648538,"(0.0873, 0.131]"
0.8,0.14078313846542445,3.0904526884429453,"(0.131, 0.175]"
0.8,0.2432460036113574,13.381348463482482,"(0.218, 0.262]"
0.8,0.23378667645907336,4.925721155963472,"(0.218, 0.262]"
0.8,0.1407144746827527,12.723740777194838,"(0.131, 0.175]"
0.8,0.11094579195103853,2.1797330971948035,"(0.0873, 0.131]"
0.8,0.1198159540199266,2.3920797445755944,"(0.0873, 0.131]"
0.8,0.22004225283305956,6.3622161040356815,"(0.218, 0.262]"
0.8,0.026399209315133725,1.8535808298980865,"(-0.000437, 0.0437]"
0.8,0.15324406434599896,11.535301159471977,"(0.131, 0.175]"
0.8,0.17062416884377551,7.721345180280729,"(0.131, 0.175]"
0.8,0.14536932313618153,1.78558691858661,"(0.131, 0.175]"
0.8,0.143496118102115,12.398280085107569,"(0.131, 0.175]"
0.8,0.02815386281414439,2.277621744128189,"(-0.000437, 0.0437]"
0.8,0.17571193274483488,12.333870817448712,"(0.175, 0.218]"
0.8,0.102122346256372,8.155898813853023,"(0.0873, 0.131]"
0.8,0.12219732591948632,4.392917481274164,"(0.0873, 0.131]"
0.8,7.740015522629022e-05,15.58926783203712,"(-0.000437, 0.0437]"
0.8,0.005743711103999452,14.372475012155492,"(-0.000437, 0.0437]"
0.8,0.0950932020967858,1.8467532943906149,"(0.0873, 0.131]"
0.8,0.1895774024699772,12.780221592430363,"(0.175, 0.218]"
0.8,0.20816947218378148,10.459846135299596,"(0.175, 0.218]"
0.8,0.08478742398157205,8.553057224040806,"(0.0437, 0.0873]"
0.8,0.055407544812834164,2.052884399788857,"(0.0437, 0.0873]"
0.8,0.1926458627170404,15.576607063931432,"(0.175, 0.218]"
0.8,0.16384514656156368,1.97694343958979,"(0.131, 0.175]"
0.8,0.1965018343409665,8.321360202450702,"(0.175, 0.218]"
0.8,0.14879852732252696,10.573226457246609,"(0.131, 0.175]"
0.8,0.028046008161751877,1.448814692379431,"(-0.000437, 0.0437]"
0.8,0.05741994931898728,1.451783282609298,"(0.0437, 0.0873]"
0.8,0.19476308828075065,5.743455141618802,"(0.175, 0.218]"
0.8,0.0602763975516354,1.3525444001759157,"(0.0437, 0.0873]"
0.8,0.01370937545104272,2.1635246335170257,"(-0.000437, 0.0437]"
0.8,0.13877613595015764,9.93631832433306,"(0.131, 0.175]"
0.9,0.24485774600688498,14.101140569786622,"(0.218, 0.262]"
0.9,0.11626863345255743,1.98455983014431,"(0.0873, 0.131]"
0.9,0.17867470576882064,3.356150330567993,"(0.175, 0.218]"
0.9,0.2509498807644929,4.002765349266465,"(0.218, 0.262]"
0.9,0.1586261279239906,9.551254399703534,"(0.131, 0.175]"
0.9,0.2207191874385341,7.414698340796626,"(0.218, 0.262]"
0.9,0.005984897849231937,2.719703580193743,"(-0.000437, 0.0437]"
0.9,0.13458734592017077,4.780068292234377,"(0.131, 0.175]"
0.9,0.04986914389766854,1.434909079781819,"(0.0437, 0.0873]"
0.9,0.01988037607094759,1.9314431092542004,"(-0.000437, 0.0437]"
0.9,0.03604894759536047,1.989114152757541,"(-0.000437, 0.0437]"
0.9,0.09283913492141857,1.6438664572558213,"(0.0873, 0.131]"
0.9,0.02172646011561118,2.0012804674581397,"(-0.000437, 0.0437]"
0.9,0.08665682570263412,2.1469064256463097,"(0.0437, 0.0873]"
0.9,0.10726569995629134,1.457516044351039,"(0.0873, 0.131]"
0.9,0.15650669719384472,1.4717981767554695,"(0.131, 0.175]"
0.9,0.2273869098961817,9.875781170439557,"(0.218, 0.262]"
0.9,0.1877430805188489,4.370698916425598,"(0.175, 0.218]"
0.9,0.013140692445339696,2.31509383978912,"(-0.000437, 0.0437]"
0.9,0.18136221975319264,16.84406124574387,"(0.175, 0.218]"
0.9,0.07951465798163215,1.7183789570558503,"(0.0437, 0.0873]"
0.9,0.10156256370863993,7.720030699592087,"(0.0873, 0.131]"
0.9,0.10873227534424598,12.846221093282525,"(0.0873, 0.131]"
0.9,0.14653485885880058,13.016377922957185,"(0.131, 0.175]"
0.9,0.03401813978174139,15.523495338398037,"(-0.000437, 0.0437]"
0.9,0.216015737746068,2.5535535278318724,"(0.175, 0.218]"
0.9,0.18783332313176032,9.975170072374002,"(0.175, 0.218]"
0.9,0.04436187720800374,1.6990607442243362,"(0.0437, 0.0873]"
0.9,0.04637647791791249,18.67960269106249,"(0.0437, 0.0873]"
0.9,0.07691477819745371,2.474115802585636,"(0.0437, 0.0873]"
0.9,0.13838856052591245,5.099687717563391,"(0.131, 0.175]"
0.9,0.0033541930041948863,17.552947178584084,"(-0.000437, 0.0437]"
0.9,0.12297292566980786,1.4932349545283627,"(0.0873, 0.131]"
0.9,0.22519159620158533,5.886318128449608,"(0.218, 0.262]"
0.9,0.09780625578245046,13.40365159912102,"(0.0873, 0.131]"
0.9,0.16851156178777194,9.07265063557765,"(0.131, 0.175]"
0.9,0.23471336879672675,6.434543934738097,"(0.218, 0.262]"
0.9,0.01899500126634512,2.1021033432212164,"(-0.000437, 0.0437]"
0.9,0.11499856109427142,9.2050553907703,"(0.0873, 0.131]"
0.9,0.07219198642683168,13.344703253651387,"(0.0437, 0.0873]"
0.9,0.13984662391854272,1.689252727906872,"(0.131, 0.175]"
0.9,0.25539060919371137,3.9900375733571267,"(0.218, 0.262]"
0.9,0.14951381313156178,12.008176582849817,"(0.131, 0.175]"
0.9,0.018552031363515527,2.2080594740512423,"(-0.000437, 0.0437]"
0.9,0.23594603353654692,10.248122135136514,"(0.218, 0.262]"
0.9,0.050743524268260246,1.7957317097022651,"(0.0437, 0.0873]"
0.9,0.09527821222680127,1.5799782618866445,"(0.0873, 0.131]"
0.9,0.07882303266248664,2.0197621487170623,"(0.0437, 0.0873]"
0.9,0.056861437422215215,2.5396268460090696,"(0.0437, 0.0873]"
0.9,0.01666874768361901,1.980467392790272,"(-0.000437, 0.0437]"
1.0,0.008457448716230696,1.8258714125755726,"(-0.000437, 0.0437]"
1.0,0.23325048421059918,5.461184152082417,"(0.218, 0.262]"
1.0,0.14406556554253258,8.57723125659371,"(0.131, 0.175]"
1.0,0.18999026859891324,5.095463735101924,"(0.175, 0.218]"
1.0,0.09778683494058567,1.602991157005697,"(0.0873, 0.131]"
1.0,0.13144862559233664,2.4098643871777274,"(0.131, 0.175]"
1.0,0.19780063430551442,9.19866002897695,"(0.175, 0.218]"
1.0,0.22854278294047473,2.608150199763985,"(0.218, 0.262]"
1.0,0.08232647104358237,1.6185493175304964,"(0.0437, 0.0873]"
1.0,0.13893534896710158,6.556609953690532,"(0.131, 0.175]"
1.0,0.20848468078788404,6.8703322426556594,"(0.175, 0.218]"
1.0,0.10453787631439222,2.537812071653889,"(0.0873, 0.131]"
1.0,0.16363496579265466,3.8083380462652587,"(0.131, 0.175]"
1.0,0.2456464222141143,9.448347560222697,"(0.218, 0.262]"
1.0,0.026455441182244716,2.7640728003986066,"(-0.000437, 0.0437]"
1.0,0.08089479073112493,1.7095973086504872,"(0.0437, 0.0873]"
1.0,0.006528164109443819,2.0903971795867045,"(-0.000437, 0.0437]"
1.0,0.20037659369173827,8.666447027315545,"(0.175, 0.218]"
1.0,0.12917975501635548,1.5903299261299437,"(0.0873, 0.131]"
1.0,0.06445867348073663,17.96445162312521,"(0.0437, 0.0873]"
1.0,0.18225195735780927,12.367816128262236,"(0.175, 0.218]"
1.0,0.14766997152856853,1.7163693232017525,"(0.131, 0.175]"
1.0,2.186817126192186e-05,2.301166224804719,"(-0.000437, 0.0437]"
1.0,0.000668013729904241,3.4060547322252326,"(-0.000437, 0.0437]"
1.0,0.17947326101780725,3.4896479720115736,"(0.175, 0.218]"
1.0,0.11938993052804193,2.4290443679105422,"(0.0873, 0.131]"
1.0,0.11866356728409048,2.9246123078414397,"(0.0873, 0.131]"
1.0,0.1747519532623144,8.734683740699918,"(0.175, 0.218]"
1.0,0.012056632820928486,2.9458334375331585,"(-0.000437, 0.0437]"
1.0,0.1734707607256519,9.552898066427055,"(0.131, 0.175]"
1.0,0.09014250277063601,1.8838983436368524,"(0.0873, 0.131]"
1.0,0.2720639663953603,16.36041223642721,"(0.262, 0.306]"
1.0,0.1661723556198981,4.760204550775978,"(0.131, 0.175]"
1.0,0.1691687941398704,3.908873240208881,"(0.131, 0.175]"
1.0,0.10126471424184408,10.505163568011593,"(0.0873, 0.131]"
1.0,0.2459217011389695,8.98594485940971,"(0.218, 0.262]"
1.0,0.17004663645715154,10.57614184356433,"(0.131, 0.175]"
1.0,0.08405510590825327,3.711609319301007,"(0.0437, 0.0873]"
1.0,0.1897621827132041,9.415576142870993,"(0.175, 0.218]"
1.0,0.18084698684307968,7.6930436866007925,"(0.175, 0.218]"
1.0,0.11509763438989788,2.092281314954937,"(0.0873, 0.131]"
1.0,0.05208303388230612,1.6445882387772595,"(0.0437, 0.0873]"
1.0,0.09709086313551,8.55407936595587,"(0.0873, 0.131]"
1.0,0.16720979442482686,5.490999573571165,"(0.131, 0.175]"
1.0,0.019110957253958342,14.944376196307301,"(-0.000437, 0.0437]"
1.0,0.025629866687273743,15.117739364270566,"(-0.000437, 0.0437]"
1.0,0.045665914675430845,2.795923071772734,"(0.0437, 0.0873]"
1.0,0.06127653630893827,13.163531645397331,"(0.0437, 0.0873]"
1.0,0.23587566126069534,8.734245342521383,"(0.218, 0.262]"
1.0,0.2694234910656191,7.083987455067362,"(0.262, 0.306]"
1.1,0.017040351394996538,2.859666310860028,"(-0.000437, 0.0437]"
1.1,0.0196232042522766,1.781028727655948,"(-0.000437, 0.0437]"
1.1,0.19952659101223033,8.214966878043477,"(0.175, 0.218]"
1.1,0.2326331943336584,8.773163934211855,"(0.218, 0.262]"
1.1,0.11953700895358874,11.196468086124778,"(0.0873, 0.131]"
1.1,0.028719818325628935,1.9562958075383567,"(-0.000437, 0.0437]"
1.1,0.10881764034462951,2.02001364950923,"(0.0873, 0.131]"
1.1,0.08464369974068842,14.007189889637687,"(0.0437, 0.0873]"
1.1,0.22047265604118635,9.72995146600174,"(0.218, 0.262]"
1.1,0.1971228926590704,4.300945103466765,"(0.175, 0.218]"
1.1,0.0427138702730711,16.686911957470308,"(-0.000437, 0.0437]"
1.1,0.18876214599805347,5.732823471807403,"(0.175, 0.218]"
1.1,0.027795543286453925,1.7620820613687944,"(-0.000437, 0.0437]"
1.1,0.0009605915034684564,2.517439817562561,"(-0.000437, 0.0437]"
1.1,0.08906207298881723,13.891833021750987,"(0.0873, 0.131]"
1.1,0.26177528880515805,6.276753962635731,"(0.218, 0.262]"
1.1,0.0027454887081654056,2.2740996601295516,"(-0.000437, 0.0437]"
1.1,0.15822112070634167,6.763408758180919,"(0.131, 0.175]"
1.1,0.12730889942756093,7.421023172030428,"(0.0873, 0.131]"
1.1,0.13480210421279928,1.8138964096518915,"(0.131, 0.175]"
1.1,0.055978870000650396,13.674613791641873,"(0.0437, 0.0873]"
1.1,0.06651794113570479,15.542433310333745,"(0.0437, 0.0873]"
1.1,0.027458664717574525,1.7967638667351729,"(-0.000437, 0.0437]"
1.1,0.17052245948883685,4.0983706433183436,"(0.131, 0.175]"
1.1,0.009755327773066756,17.798206672594745,"(-0.000437, 0.0437]"
1.1,0.0027010796016807173,2.8877658348490325,"(-0.000437, 0.0437]"
1.1,0.16275107404764297,6.893298763858046,"(0.131, 0.175]"
1.1,0.0009704630858822877,2.092829482259043,"(-0.000437, 0.0437]"
1.1,0.20064399942297484,6.8853866678456335,"(0.175, 0.218]"
1.1,0.13607074553826778,2.0690087202428153,"(0.131, 0.175]"
1.1,0.17746567283874704,4.047567867560265,"(0.175, 0.218]"
1.1,0.047233831499023715,1.549561089171905,"(0.0437, 0.0873]"
1.1,0.22560604137580906,10.609078978741616,"(0.218, 0.262]"
1.1,0.008635031958299821,2.320568668930707,"(-0.000437, 0.0437]"
1.1,0.22576009298704441,7.065212154318309,"(0.218, 0.262]"
1.1,0.059706966396221195,1.464865577449458,"(0.0437, 0.0873]"
1.1,0.10677930405081029,1.5352356631892852,"(0.0873, 0.131]"
1.1,0.21674353764490115,11.04514169837744,"(0.175, 0.218]"
1.1,0.012088911569048443,17.578117897600468,"(-0.000437, 0.0437]"
1.1,0.1578549066464836,8.089201634601814,"(0.131, 0.175]"
1.1,0.06738663628984073,10.994346379318868,"(0.0437, 0.0873]"
1.1,0.0629583866733667,2.530938872423374,"(0.0437, 0.0873]"
1.1,0.02443811305840256,1.694359620096562,"(-0.000437, 0.0437]"
1.1,0.19802361532890655,10.516347625994882,"(0.175, 0.218]"
1.1,0.20783171224207117,2.1661724498046477,"(0.175, 0.218]"
1.1,0.03721746226427807,1.4506321522621701,"(-0.000437, 0.0437]"
1.1,0.20427227673757178,6.316976783458001,"(0.175, 0.218]"
1.1,0.1478678787852379,1.2919896466789818,"(0.131, 0.175]"
1.1,0.009840612000096782,2.6121851359257393,"(-0.000437, 0.0437]"
1.1,0.20006564895015744,6.694327927304065,"(0.175, 0.218]"
1.2000000000000002,0.04054397148121736,2.0010640333024767,"(-0.000437, 0.0437]"
1.2000000000000002,0.2220304336632078,7.867126241142479,"(0.218, 0.262]"
1.2000000000000002,0.025886224766513716,2.604808969213572,"(-0.000437, 0.0437]"
1.2000000000000002,0.017020086716004298,14.242636740260078,"(-0.000437, 0.0437]"
1.2000000000000002,0.26666466975312947,7.240485249909167,"(0.262, 0.306]"
1.2000000000000002,0.24871188640271127,3.6012986877238813,"(0.218, 0.262]"
1.2000000000000002,0.028699911594809745,15.849295693195298,"(-0.000437, 0.0437]"
1.2000000000000002,0.07033449627685351,12.581653897181264,"(0.0437, 0.0873]"
1.2000000000000002,0.05283817575595712,16.59712013012601,"(0.0437, 0.0873]"
1.2000000000000002,0.021275700956638804,11.773887920417101,"(-0.000437, 0.0437]"
1.2000000000000002,0.05715626319120113,2.226048062369356,"(0.0437, 0.0873]"
1.2000000000000002,0.10339211599549185,2.3152183566657993,"(0.0873, 0.131]"
1.2000000000000002,0.23492474029138163,8.225513200464588,"(0.218, 0.262]"
1.2000000000000002,0.132641965505711,5.200464482007118,"(0.131, 0.175]"
1.2000000000000002,0.03656743795360966,13.77083596154229,"(-0.000437, 0.0437]"
1.2000000000000002,0.2461690175089808,4.846870144082574,"(0.218, 0.262]"
1.2000000000000002,0.16283417944989986,14.126713922913636,"(0.131, 0.175]"
1.2000000000000002,0.22448157873147095,9.938503442316598,"(0.218, 0.262]"
1.2000000000000002,0.15718762785912613,11.931635449682618,"(0.131, 0.175]"
1.2000000000000002,0.016675403053570893,2.6423203226852063,"(-0.000437, 0.0437]"
1.2000000000000002,0.006502463342551834,2.4574324883236125,"(-0.000437, 0.0437]"
1.2000000000000002,0.019760883540597858,2.013455629330332,"(-0.000437, 0.0437]"
1.2000000000000002,0.1829404045688231,8.717664652399046,"(0.175, 0.218]"
1.2000000000000002,0.004246600739709469,2.2659545682951747,"(-0.000437, 0.0437]"
1.2000000000000002,0.04064431699867409,2.0156787520780632,"(-0.000437, 0.0437]"
1.2000000000000002,0.16593023003332358,3.5254212232560547,"(0.131, 0.175]"
1.2000000000000002,0.1210945786259059,1.8306025720995824,"(0.0873, 0.131]"
1.2000000000000002,0.23425710586858314,11.070610860051453,"(0.218, 0.262]"
1.2000000000000002,0.010971397677495633,1.495715634045187,"(-0.000437, 0.0437]"
1.2000000000000002,0.15158508920733962,2.6196490899914955,"(0.131, 0.175]"
1.2000000000000002,0.16052607734500765,3.9512208834818026,"(0.131, 0.175]"
1.2000000000000002,0.20082125087860683,5.614661515627021,"(0.175, 0.218]"
1.2000000000000002,0.10245341552454174,8.384210469612633,"(0.0873, 0.131]"
1.2000000000000002,0.054399589678702794,12.732862090539543,"(0.0437, 0.0873]"
1.2000000000000002,0.08312137889017769,14.072094049102857,"(0.0437, 0.0873]"
1.2000000000000002,0.187871291543048,20.09349060882966,"(0.175, 0.218]"
1.2000000000000002,0.014893460558572278,1.7375286005277848,"(-0.000437, 0.0437]"
1.2000000000000002,0.09605216000088299,3.1436845111300595,"(0.0873, 0.131]"
1.2000000000000002,0.12303147061467833,3.596129357530738,"(0.0873, 0.131]"
1.2000000000000002,0.07604249628509896,10.696892294099417,"(0.0437, 0.0873]"
1.2000000000000002,0.016736945335352693,1.7214026629082793,"(-0.000437, 0.0437]"
1.2000000000000002,0.18129139987780174,11.320570941240376,"(0.175, 0.218]"
1.2000000000000002,0.17461133699110548,11.891614888778577,"(0.131, 0.175]"
1.2000000000000002,0.004837027769205985,2.2566860002989046,"(-0.000437, 0.0437]"
1.2000000000000002,0.004926005683650568,2.0104141558179864,"(-0.000437, 0.0437]"
1.2000000000000002,0.0021735390660876596,1.5267183834949596,"(-0.000437, 0.0437]"
1.2000000000000002,0.2422968315344919,10.553288614970043,"(0.218, 0.262]"
1.2000000000000002,0.2377053680809458,5.654374719913162,"(0.218, 0.262]"
1.2000000000000002,0.003071404026809927,2.652250471867078,"(-0.000437, 0.0437]"
1.2000000000000002,0.16762844206725597,12.07076266937565,"(0.131, 0.175]"
1.3,0.05861865547130042,15.695571336121088,"(0.0437, 0.0873]"
1.3,0.09501810120533279,6.292994997161696,"(0.0873, 0.131]"
1.3,0.07191763136272263,2.1505547153779325,"(0.0437, 0.0873]"
1.3,0.13654542744371378,2.9600726829880677,"(0.131, 0.175]"
1.3,0.28441943677376263,1.561163843293219,"(0.262, 0.306]"
1.3,0.11309138914160714,1.2952055213165647,"(0.0873, 0.131]"
1.3,0.1738354187116753,1.7088630938870337,"(0.131, 0.175]"
1.3,0.030419501242297517,1.687564723005217,"(-0.000437, 0.0437]"
1.3,0.16800363593086645,8.553167612584588,"(0.131, 0.175]"
1.3,0.25578155552418746,10.533174810044956,"(0.218, 0.262]"
1.3,0.23339433042134033,5.264857534461216,"(0.218, 0.262]"
1.3,0.027813802750844243,1.8881230422190844,"(-0.000437, 0.0437]"
1.3,0.08509940839262241,9.46871477320261,"(0.0437, 0.0873]"
1.3,0.25468835173281995,3.8881715055927626,"(0.218, 0.262]"
1.3,0.028925965228073034,18.262161324805437,"(-0.000437, 0.0437]"
1.3,0.06407979767501826,14.371416181767415,"(0.0437, 0.0873]"
1.3,0.00902535776051181,2.2663639389000014,"(-0.000437, 0.0437]"
1.3,0.012460510498008504,16.919316043252312,"(-0.000437, 0.0437]"
1.3,0.06584914818342101,17.955801804629957,"(0.0437, 0.0873]"
1.3,0.023771237622610263,1.73641336413181,"(-0.000437, 0.0437]"
1.3,0.20756931881632537,11.840376989760218,"(0.175, 0.218]"
1.3,0.24206407056466347,9.222891537203676,"(0.218, 0.262]"
1.3,0.08792319883347711,13.4413878811429,"(0.0873, 0.131]"
1.3,0.0011142816558994209,2.7812773298318048,"(-0.000437, 0.0437]"
1.3,0.0401715576087996,17.63066854388976,"(-0.000437, 0.0437]"
1.3,0.09402364001717368,2.3818114552699767,"(0.0873, 0.131]"
1.3,0.13586012825097135,3.153033992421769,"(0.131, 0.175]"
1.3,0.06718444949885194,2.1084934428646704,"(0.0437, 0.0873]"
1.3,0.20150563783299266,8.266711472560706,"(0.175, 0.218]"
1.3,0.021342716710668157,2.2586641939284124,"(-0.000437, 0.0437]"
1.3,0.22690578428988664,7.777322321451713,"(0.218, 0.262]"
1.3,0.20957354710938425,13.267615099282805,"(0.175, 0.218]"
1.3,0.07058150747824771,1.6306927637921949,"(0.0437, 0.0873]"
1.3,0.2051021516729353,5.297196203111547,"(0.175, 0.218]"
1.3,0.2579662450075856,8.150549061335168,"(0.218, 0.262]"
1.3,0.05165433569961117,16.152147197858223,"(0.0437, 0.0873]"
1.3,0.016681644434764182,16.536119806655698,"(-0.000437, 0.0437]"
1.3,0.008739315480151146,1.9826947765076632,"(-0.000437, 0.0437]"
1.3,0.005373075419119275,15.978042687917611,"(-0.000437, 0.0437]"
1.3,0.2075568005989754,21.341094206567128,"(0.175, 0.218]"
1.3,0.060173169141847484,1.8504817977445356,"(0.0437, 0.0873]"
1.3,0.0004770130000328421,2.5156443982298584,"(-0.000437, 0.0437]"
1.3,0.0012391983138711946,2.26238249865864,"(-0.000437, 0.0437]"
1.3,0.021858225537738644,1.777413749426737,"(-0.000437, 0.0437]"
1.3,0.10852254689126278,20.814610581547765,"(0.0873, 0.131]"
1.3,0.07988330125721153,17.443049823826886,"(0.0437, 0.0873]"
1.3,0.09747767000045358,17.23170967414892,"(0.0873, 0.131]"
1.3,0.048623788561488565,2.2179602851309737,"(0.0437, 0.0873]"
1.3,0.04281639919885373,17.10427254925982,"(-0.000437, 0.0437]"
1.3,0.19275419921787476,1.9465398484182215,"(0.175, 0.218]"
1.4000000000000001,0.17028874474402741,10.299877372180203,"(0.131, 0.175]"
1.4000000000000001,0.2769864027856184,9.94326364005861,"(0.262, 0.306]"
1.4000000000000001,0.10131747060156554,8.321332866297144,"(0.0873, 0.131]"
1.4000000000000001,0.0009786004475327065,2.1134813071272807,"(-0.000437, 0.0437]"
1.4000000000000001,0.1375242075766185,12.913480225809298,"(0.131, 0.175]"
1.4000000000000001,0.18688613003925444,9.179629086289008,"(0.175, 0.218]"
1.4000000000000001,0.008576376127222802,22.508983584779614,"(-0.000437, 0.0437]"
1.4000000000000001,0.10632396053795846,2.8449412599471793,"(0.0873, 0.131]"
1.4000000000000001,0.0020895038683495498,2.3800632289741865,"(-0.000437, 0.0437]"
1.4000000000000001,0.05549498229617118,14.077249598674543,"(0.0437, 0.0873]"
1.4000000000000001,0.0778475986609392,1.5356913101629068,"(0.0437, 0.0873]"
1.4000000000000001,0.209012698214305,12.07471648887317,"(0.175, 0.218]"
1.4000000000000001,0.12023137725741757,1.9812375461628853,"(0.0873, 0.131]"
1.4000000000000001,0.1990820154716473,8.656440061432535,"(0.175, 0.218]"
1.4000000000000001,0.11340832222968703,13.699912997624473,"(0.0873, 0.131]"
1.4000000000000001,0.20220690548726628,11.842815621726697,"(0.175, 0.218]"
1.4000000000000001,0.1745960145337922,1.6231627871677263,"(0.131, 0.175]"
1.4000000000000001,0.1817865089309676,7.4177425874938745,"(0.175, 0.218]"
1.4000000000000001,0.00037606666343243696,2.2582008100043556,"(-0.000437, 0.0437]"
1.4000000000000001,0.2234939899425662,8.937277361381303,"(0.218, 0.262]"
1.4000000000000001,0.1674577792477605,14.128040939634564,"(0.131, 0.175]"
1.4000000000000001,0.014102547729927641,2.0780775511265555,"(-0.000437, 0.0437]"
1.4000000000000001,0.22818720225415703,7.341397722447128,"(0.218, 0.262]"
1.4000000000000001,0.18411196368665067,9.863536669561503,"(0.175, 0.218]"
1.4000000000000001,0.002715022773014781,2.429121604840219,"(-0.000437, 0.0437]"
1.4000000000000001,0.1471922138961767,6.677297144089088,"(0.131, 0.175]"
1.4000000000000001,0.06646290923244486,1.534821494322556,"(0.0437, 0.0873]"
1.4000000000000001,0.03679920900268593,1.8415893358821038,"(-0.000437, 0.0437]"
1.4000000000000001,0.12996131703752117,4.957675947908683,"(0.0873, 0.131]"
1.4000000000000001,0.0013393479157260712,1.823798155515981,"(-0.000437, 0.0437]"
1.4000000000000001,0.009823785653061835,2.079711927971508,"(-0.000437, 0.0437]"
1.4000000000000001,0.0700772957006467,16.44672051093925,"(0.0437, 0.0873]"
1.4000000000000001,0.2326952592763918,11.147387393372066,"(0.218, 0.262]"
1.4000000000000001,0.17362911282775478,14.991892514349306,"(0.131, 0.175]"
1.4000000000000001,0.26806227070876576,9.343161931137944,"(0.262, 0.306]"
1.4000000000000001,0.05198036663180095,12.552107113196952,"(0.0437, 0.0873]"
1.4000000000000001,0.0469997617268624,11.046242020509059,"(0.0437, 0.0873]"
1.4000000000000001,0.07720238941638814,2.4657793256767118,"(0.0437, 0.0873]"
1.4000000000000001,0.0020736175498979503,2.5643149161530987,"(-0.000437, 0.0437]"
1.4000000000000001,0.029854878241098948,2.186222132179072,"(-0.000437, 0.0437]"
1.4000000000000001,0.11750832025766283,2.0587689834391933,"(0.0873, 0.131]"
1.4000000000000001,0.14116514790379828,5.860096146008115,"(0.131, 0.175]"
1.4000000000000001,0.10144334995987331,1.680772417560428,"(0.0873, 0.131]"
1.4000000000000001,0.07171958008806156,13.546926802835358,"(0.0437, 0.0873]"
1.4000000000000001,0.127323829653839,13.393625582233163,"(0.0873, 0.131]"
1.4000000000000001,0.03337725239495962,13.41024644649473,"(-0.000437, 0.0437]"
1.4000000000000001,0.2070721791218304,9.178498007406308,"(0.175, 0.218]"
1.4000000000000001,0.07673350946741339,2.0270760729882777,"(0.0437, 0.0873]"
1.4000000000000001,0.21411510989398938,9.36787521516924,"(0.175, 0.218]"
1.4000000000000001,0.09138763906883127,13.09641662461429,"(0.0873, 0.131]"
1.5,0.22975223207866816,12.525562289297383,"(0.218, 0.262]"
1.5,0.24990887178587862,2.946753938714976,"(0.218, 0.262]"
1.5,0.18496402243942406,13.89700133762166,"(0.175, 0.218]"
1.5,0.1349502444765134,11.117305167104291,"(0.131, 0.175]"
1.5,0.02509763084256213,15.66824033863298,"(-0.000437, 0.0437]"
1.5,0.21363112292068714,11.875745945072543,"(0.175, 0.218]"
1.5,0.050014285810004486,12.992099131799257,"(0.0437, 0.0873]"
1.5,0.2863199338619978,7.317508148910645,"(0.262, 0.306]"
1.5,0.009890804549445738,17.485357940939313,"(-0.000437, 0.0437]"
1.5,0.28269022546916583,13.440415642060692,"(0.262, 0.306]"
1.5,0.003622874061002893,22.309703240309293,"(-0.000437, 0.0437]"
1.5,0.02252364941150059,16.11191417309748,"(-0.000437, 0.0437]"
1.5,0.003325707974304192,2.575444677409812,"(-0.000437, 0.0437]"
1.5,0.048959692323348396,14.931375674764006,"(0.0437, 0.0873]"
1.5,0.03802311739193891,2.3590065305694004,"(-0.000437, 0.0437]"
1.5,0.12551124528781366,2.5739335325308503,"(0.0873, 0.131]"
1.5,0.07803011086880669,2.3332930419898874,"(0.0437, 0.0873]"
1.5,0.09319790916907032,14.171136394171402,"(0.0873, 0.131]"
1.5,0.24047820767908132,7.691438338952787,"(0.218, 0.262]"
1.5,0.028703700692163082,15.33007283243612,"(-0.000437, 0.0437]"
1.5,0.10724227293370422,14.747244699547162,"(0.0873, 0.131]"
1.5,0.20220793344343468,8.698814446359465,"(0.175, 0.218]"
1.5,0.18973030142349231,7.661599675050441,"(0.175, 0.218]"
1.5,0.1005856891551853,5.06190835706826,"(0.0873, 0.131]"
1.5,0.2214850550836134,9.2476197476164,"(0.218, 0.262]"
1.5,0.2190526778459715,12.604961059029929,"(0.218, 0.262]"
1.5,0.2023170697007879,3.4426834188376834,"(0.175, 0.218]"
1.5,0.060731678303385384,2.2683369577221635,"(0.0437, 0.0873]"
1.5,0.0018912027338131698,3.5012678665113257,"(-0.000437, 0.0437]"
1.5,0.011230126808763776,13.707698548954156,"(-0.000437, 0.0437]"
1.5,0.09616667650217299,1.8828072996847245,"(0.0873, 0.131]"
1.5,0.2548045769327854,6.404556069123213,"(0.218, 0.262]"
1.5,0.1332861869964811,15.079228290209091,"(0.131, 0.175]"
1.5,0.095804804032257,2.315529596107587,"(0.0873, 0.131]"
1.5,0.17579899007910121,5.151722953367935,"(0.175, 0.218]"
1.5,0.013295943503270924,18.200115251177472,"(-0.000437, 0.0437]"
1.5,0.07584877074482888,2.472233723671587,"(0.0437, 0.0873]"
1.5,0.07725339189349928,14.286507210536367,"(0.0437, 0.0873]"
1.5,0.05596128341870737,12.655702695815958,"(0.0437, 0.0873]"
1.5,0.05800783294227768,13.315589967439267,"(0.0437, 0.0873]"
1.5,0.03087274927261717,2.3242934576120238,"(-0.000437, 0.0437]"
1.5,0.11560118317275407,14.036368856306373,"(0.0873, 0.131]"
1.5,0.13470393144285137,16.60844343076797,"(0.131, 0.175]"
1.5,0.16622069247093008,13.33124210861662,"(0.131, 0.175]"
1.5,0.13687622760979928,17.47712226562487,"(0.131, 0.175]"
1.5,0.06687588182000427,17.053087958126902,"(0.0437, 0.0873]"
1.5,0.025147073259689477,18.98761044401504,"(-0.000437, 0.0437]"
1.5,0.11508806406508394,4.674742236346673,"(0.0873, 0.131]"
1.5,0.09731436459811643,11.792184012820572,"(0.0873, 0.131]"
1.5,0.026524010492603264,15.515742822863825,"(-0.000437, 0.0437]"
1.6,0.13606636831036162,13.291792008178332,"(0.131, 0.175]"
1.6,0.14122503866964495,4.517400132098448,"(0.131, 0.175]"
1.6,0.212602963864527,10.032533861178614,"(0.175, 0.218]"
1.6,0.1929077027784684,9.20658560428148,"(0.175, 0.218]"
1.6,0.0746501192690374,11.292411536830274,"(0.0437, 0.0873]"
1.6,0.17860328561890648,6.252141335461292,"(0.175, 0.218]"
1.6,0.24325406160052448,5.802759461445428,"(0.218, 0.262]"
1.6,0.26146242544057924,8.752851027258476,"(0.218, 0.262]"
1.6,0.014398238992071535,2.5924185188426865,"(-0.000437, 0.0437]"
1.6,0.20877819791322544,9.9720894263878,"(0.175, 0.218]"
1.6,0.1460149633722825,13.355397456432692,"(0.131, 0.175]"
1.6,0.00013958232155823465,2.310627622479583,"(-0.000437, 0.0437]"
1.6,0.021098291774313625,2.0873969219592414,"(-0.000437, 0.0437]"
1.6,0.04796630955159304,19.454017691902397,"(0.0437, 0.0873]"
1.6,0.21378777461795578,5.681144900978583,"(0.175, 0.218]"
1.6,0.2322906604224046,12.209855836482134,"(0.218, 0.262]"
1.6,0.21523525236994742,5.0494149371712975,"(0.175, 0.218]"
1.6,0.016288587806458022,2.045294500750863,"(-0.000437, 0.0437]"
1.6,0.10225150260268732,4.491086666831209,"(0.0873, 0.131]"
1.6,0.21746545468177597,10.618317736806103,"(0.175, 0.218]"
1.6,0.03855764858326263,14.404762161127595,"(-0.000437, 0.0437]"
1.6,0.12596457221073173,12.379439224443463,"(0.0873, 0.131]"
1.6,0.02391902266163239,1.7710579156574833,"(-0.000437, 0.0437]"
1.6,0.05216664632559444,13.620819213955793,"(0.0437, 0.0873]"
1.6,0.2280316860477081,13.409264153070769,"(0.218, 0.262]"
1.6,0.028540391479650425,12.248452336596568,"(-0.000437, 0.0437]"
1.6,0.2657084622792532,6.771723478105672,"(0.262, 0.306]"
1.6,0.3037954621220451,10.772824787797314,"(0.262, 0.306]"
1.6,0.22355780068238995,8.904072921218857,"(0.218, 0.262]"
1.6,0.06897559909521225,11.515943225216185,"(0.0437, 0.0873]"
1.6,0.2088771028278625,13.948842150569243,"(0.175, 0.218]"
1.6,0.03763534564734059,11.320200108092981,"(-0.000437, 0.0437]"
1.6,0.05003310612070686,2.4229340606703333,"(0.0437, 0.0873]"
1.6,0.2113784741574253,8.421839727433287,"(0.175, 0.218]"
1.6,0.08754034905674414,3.2114575993395165,"(0.0873, 0.131]"
1.6,0.00012798252040405466,2.4519900629199203,"(-0.000437, 0.0437]"
1.6,0.19874721799791734,11.605872892923532,"(0.175, 0.218]"
1.6,0.03332165171811671,16.53068935374862,"(-0.000437, 0.0437]"
1.6,0.037493870236279994,13.56855085897138,"(-0.000437, 0.0437]"
1.6,0.23151694208447435,7.2915255737969815,"(0.218, 0.262]"
1.6,0.02488091343137638,2.3211971188130462,"(-0.000437, 0.0437]"
1.6,0.1733535447176135,8.843674646891099,"(0.131, 0.175]"
1.6,0.045460891133947544,13.102396074802392,"(0.0437, 0.0873]"
1.6,0.003117694174536562,2.3504346784823036,"(-0.000437, 0.0437]"
1.6,0.10894724049771257,13.888382881447328,"(0.0873, 0.131]"
1.6,0.19170834174546814,6.664909783364535,"(0.175, 0.218]"
1.6,0.257928855290034,7.386782217808373,"(0.218, 0.262]"
1.6,0.04443375203626178,14.789364643763832,"(0.0437, 0.0873]"
1.6,0.06348738589887082,2.0380993231933036,"(0.0437, 0.0873]"
1.6,0.15434635004479336,3.67495201253121,"(0.131, 0.175]"
1.7000000000000002,0.0317878358354436,13.942410819196674,"(-0.000437, 0.0437]"
1.7000000000000002,0.09286983032475331,9.253604338071414,"(0.0873, 0.131]"
1.7000000000000002,0.01895251033387087,2.030249583378162,"(-0.000437, 0.0437]"
1.7000000000000002,0.0002972211060517193,2.595132902572917,"(-0.000437, 0.0437]"
1.7000000000000002,0.009376673017095138,15.622104697234436,"(-0.000437, 0.0437]"
1.7000000000000002,0.034639963001776165,15.134760819860537,"(-0.000437, 0.0437]"
1.7000000000000002,0.16348479157185952,10.886784697915479,"(0.131, 0.175]"
1.7000000000000002,0.009873165418543274,12.388253431382319,"(-0.000437, 0.0437]"
1.7000000000000002,0.019874314283089053,17.75906051369998,"(-0.000437, 0.0437]"
1.7000000000000002,0.21929096864238218,12.88291791754539,"(0.218, 0.262]"
1.7000000000000002,0.09288622670924514,16.434564816228548,"(0.0873, 0.131]"
1.7000000000000002,0.2249682676802899,6.479948026344018,"(0.218, 0.262]"
1.7000000000000002,0.43664978944274785,6.400075822525316,"(0.393, 0.437]"
1.7000000000000002,0.2905368667094265,4.266196987727706,"(0.262, 0.306]"
1.7000000000000002,0.13941055055524484,16.252799427732956,"(0.131, 0.175]"
1.7000000000000002,0.2932342145966335,7.767925550435195,"(0.262, 0.306]"
1.7000000000000002,0.005443329857512917,3.127982651142486,"(-0.000437, 0.0437]"
1.7000000000000002,0.007017213696577487,1.9745937525292172,"(-0.000437, 0.0437]"
1.7000000000000002,0.1742041189602354,6.9155343648426175,"(0.131, 0.175]"
1.7000000000000002,0.002438643046808236,2.5749346689014017,"(-0.000437, 0.0437]"
1.7000000000000002,0.029854120253528797,11.346892803049894,"(-0.000437, 0.0437]"
1.7000000000000002,0.015799995955693837,2.2186736367107214,"(-0.000437, 0.0437]"
1.7000000000000002,6.395405697421041e-06,13.641610113271112,"(-0.000437, 0.0437]"
1.7000000000000002,0.008364791600251291,18.239418307808002,"(-0.000437, 0.0437]"
1.7000000000000002,0.09180185497861305,10.527172989048793,"(0.0873, 0.131]"
1.7000000000000002,0.19018014991214183,14.401731799773993,"(0.175, 0.218]"
1.7000000000000002,0.0017201431752456222,2.3200291094186647,"(-0.000437, 0.0437]"
1.7000000000000002,0.05406378959033041,3.657093976661991,"(0.0437, 0.0873]"
1.7000000000000002,0.023716113252148934,1.6645453292753036,"(-0.000437, 0.0437]"
1.7000000000000002,0.16949304228909778,13.873613723860217,"(0.131, 0.175]"
1.7000000000000002,0.11924644143303692,9.829659708612166,"(0.0873, 0.131]"
1.7000000000000002,0.09118074544197388,11.783125207635166,"(0.0873, 0.131]"
1.7000000000000002,0.08400111355059073,16.163719954344515,"(0.0437, 0.0873]"
1.7000000000000002,0.06198420437655513,17.32451515766244,"(0.0437, 0.0873]"
1.7000000000000002,0.26573805380738175,6.334305179638442,"(0.262, 0.306]"
1.7000000000000002,0.2516918742365888,4.595100120941236,"(0.218, 0.262]"
1.7000000000000002,3.3898496740892634e-05,12.860077419616594,"(-0.000437, 0.0437]"
1.7000000000000002,0.15880136457611813,3.0805948098444564,"(0.131, 0.175]"
1.7000000000000002,0.027979713954217382,3.5939486875429334,"(-0.000437, 0.0437]"
1.7000000000000002,0.27202637774492366,7.191556547162573,"(0.262, 0.306]"
1.7000000000000002,0.20910209698350177,13.408086521071302,"(0.175, 0.218]"
1.7000000000000002,0.18236283014086388,14.921335338943248,"(0.175, 0.218]"
1.7000000000000002,0.18802473486449867,7.947219750227112,"(0.175, 0.218]"
1.7000000000000002,0.010090093218581201,20.11837055670249,"(-0.000437, 0.0437]"
1.7000000000000002,0.11217413072796044,13.323406020801311,"(0.0873, 0.131]"
1.7000000000000002,0.019387079431587937,17.393435322409665,"(-0.000437, 0.0437]"
1.7000000000000002,0.2061381294272319,10.456448030038908,"(0.175, 0.218]"
1.7000000000000002,0.15746189572774366,11.382865260705971,"(0.131, 0.175]"
1.7000000000000002,0.2455652228212311,12.413842974829725,"(0.218, 0.262]"
1.7000000000000002,0.07138624302777362,3.7706588956527254,"(0.0437, 0.0873]"
1.8,0.16320052003131066,9.723908205738793,"(0.131, 0.175]"
1.8,0.0012524747610752718,2.4336639212499183,"(-0.000437, 0.0437]"
1.8,0.00503315402978125,2.460380081117354,"(-0.000437, 0.0437]"
1.8,0.19421584839278128,3.586473867652876,"(0.175, 0.218]"
1.8,0.3133196808505828,6.803601072533842,"(0.306, 0.349]"
1.8,0.21209012119400167,11.605953333957482,"(0.175, 0.218]"
1.8,0.15550553215423982,10.892672575043877,"(0.131, 0.175]"
1.8,0.16683643220764358,10.198698720324968,"(0.131, 0.175]"
1.8,0.0004181341949837482,18.30298789784009,"(-0.000437, 0.0437]"
1.8,0.1991397526043044,8.587554081117641,"(0.175, 0.218]"
1.8,0.2356374937334346,10.485401400567993,"(0.218, 0.262]"
1.8,0.01202349802575204,1.8002337926234466,"(-0.000437, 0.0437]"
1.8,0.17650056828765964,2.17924305040068,"(0.175, 0.218]"
1.8,0.038015813900401596,1.8944523946522636,"(-0.000437, 0.0437]"
1.8,0.06837967373903811,5.363101974333684,"(0.0437, 0.0873]"
1.8,0.000979879698539804,1.8609014096248695,"(-0.000437, 0.0437]"
1.8,0.10837169961382652,11.090236026891573,"(0.0873, 0.131]"
1.8,0.23353920487483892,6.352575498792872,"(0.218, 0.262]"
1.8,0.11329247086095985,3.329089484124072,"(0.0873, 0.131]"
1.8,0.00013403107907358454,1.7727177336486615,"(-0.000437, 0.0437]"
1.8,0.3438120700575484,7.813532829902983,"(0.306, 0.349]"
1.8,0.13811144554042495,4.407806713468375,"(0.131, 0.175]"
1.8,0.22247041047419377,15.847601129873862,"(0.218, 0.262]"
1.8,0.1016019361984661,2.127648300248704,"(0.0873, 0.131]"
1.8,0.1457418728910464,3.5514004100687293,"(0.131, 0.175]"
1.8,0.07919510349402355,6.811517297940482,"(0.0437, 0.0873]"
1.8,0.012841494934534188,1.9677193246541227,"(-0.000437, 0.0437]"
1.8,3.56045350230397e-06,2.1157948509963433,"(-0.000437, 0.0437]"
1.8,0.23924828235367318,4.8533508014625895,"(0.218, 0.262]"
1.8,0.2961608438260285,4.27077877844051,"(0.262, 0.306]"
1.8,0.01544370931573752,2.1515970478691258,"(-0.000437, 0.0437]"
1.8,0.17145006889707487,5.813376273412657,"(0.131, 0.175]"
1.8,0.00016081117938275923,2.2179480377685508,"(-0.000437, 0.0437]"
1.8,0.018762027419097705,2.2784641972450634,"(-0.000437, 0.0437]"
1.8,0.32367035982573134,14.555346027730684,"(0.306, 0.349]"
1.8,0.28256834131122777,12.797379827630705,"(0.262, 0.306]"
1.8,0.20749716711757019,13.17506116325747,"(0.175, 0.218]"
1.8,0.012763139291876113,1.7117306573282232,"(-0.000437, 0.0437]"
1.8,0.018473063537828342,2.335497173963624,"(-0.000437, 0.0437]"
1.8,0.08563427485062224,5.27212819564128,"(0.0437, 0.0873]"
1.8,0.3579748381373957,8.908655952422045,"(0.349, 0.393]"
1.8,0.24954128050672372,9.55447116744467,"(0.218, 0.262]"
1.8,0.15475281609251512,1.9997157008271953,"(0.131, 0.175]"
1.8,0.003896591612010782,17.493840561906968,"(-0.000437, 0.0437]"
1.8,0.03295343251833992,1.9257281633831589,"(-0.000437, 0.0437]"
1.8,0.05791030556651143,13.894853921902426,"(0.0437, 0.0873]"
1.8,0.1490880363641339,11.518465149818601,"(0.131, 0.175]"
1.8,0.08246744203780795,14.614331657029014,"(0.0437, 0.0873]"
1.8,0.08304750151836214,14.260652206700422,"(0.0437, 0.0873]"
1.8,0.26209266240171,9.105382255334783,"(0.262, 0.306]"
1.9000000000000001,0.018051727789271475,2.3286342774887485,"(-0.000437, 0.0437]"
1.9000000000000001,0.05166396135580243,13.866963761609933,"(0.0437, 0.0873]"
1.9000000000000001,0.10730766018969737,7.3515417858868135,"(0.0873, 0.131]"
1.9000000000000001,0.13536632434408086,16.996147981658613,"(0.131, 0.175]"
1.9000000000000001,3.4154396969094194e-06,16.54543663814061,"(-0.000437, 0.0437]"
1.9000000000000001,0.1901303864317208,7.34431874033275,"(0.175, 0.218]"
1.9000000000000001,0.0017708916708550166,3.3060223249799345,"(-0.000437, 0.0437]"
1.9000000000000001,0.022817801840829197,1.8950520959910617,"(-0.000437, 0.0437]"
1.9000000000000001,0.20176649595264287,16.37455535855124,"(0.175, 0.218]"
1.9000000000000001,0.05710568735632786,3.3648838547193973,"(0.0437, 0.0873]"
1.9000000000000001,0.21286352521875618,16.39693030537323,"(0.175, 0.218]"
1.9000000000000001,0.2057422056983143,5.7306548982598455,"(0.175, 0.218]"
1.9000000000000001,0.07462222049830923,6.178616797173368,"(0.0437, 0.0873]"
1.9000000000000001,0.05679733443676562,17.762622483021232,"(0.0437, 0.0873]"
1.9000000000000001,0.026835939515845945,2.3046057221285983,"(-0.000437, 0.0437]"
1.9000000000000001,0.037891548485830144,14.980287130447309,"(-0.000437, 0.0437]"
1.9000000000000001,0.01795605678002652,13.167411388011326,"(-0.000437, 0.0437]"
1.9000000000000001,0.25629405261878746,10.711470646945864,"(0.218, 0.262]"
1.9000000000000001,0.1943918365107625,8.18779518567348,"(0.175, 0.218]"
1.9000000000000001,0.16724178959328365,13.93799695959497,"(0.131, 0.175]"
1.9000000000000001,0.001166113624342118,2.4717387276114167,"(-0.000437, 0.0437]"
1.9000000000000001,0.004953726223196954,2.8702774670959266,"(-0.000437, 0.0437]"
1.9000000000000001,0.04468416050772296,12.780537403265466,"(0.0437, 0.0873]"
1.9000000000000001,0.016795353212210765,16.822974692639388,"(-0.000437, 0.0437]"
1.9000000000000001,0.19781645568170123,10.896698996407363,"(0.175, 0.218]"
1.9000000000000001,0.03909572888365226,12.459816107790452,"(-0.000437, 0.0437]"
1.9000000000000001,0.1741715660920909,11.070285597867228,"(0.131, 0.175]"
1.9000000000000001,0.13463933431433273,5.872889461621108,"(0.131, 0.175]"
1.9000000000000001,0.07460675254535111,15.532981434900663,"(0.0437, 0.0873]"
1.9000000000000001,0.1677246317219948,6.30561696121049,"(0.131, 0.175]"
1.9000000000000001,0.03958679712374181,2.245316670512438,"(-0.000437, 0.0437]"
1.9000000000000001,0.24878040537816642,10.587790617700485,"(0.218, 0.262]"
1.9000000000000001,0.016417028407223082,13.830855549945062,"(-0.000437, 0.0437]"
1.9000000000000001,0.16273182100060216,12.278456648947284,"(0.131, 0.175]"
1.9000000000000001,0.002906784716794703,2.222464805775916,"(-0.000437, 0.0437]"
1.9000000000000001,0.1976787269290217,7.401098110774418,"(0.175, 0.218]"
1.9000000000000001,0.1684289953168764,15.62101822704722,"(0.131, 0.175]"
1.9000000000000001,0.05653716350674207,16.96000760666797,"(0.0437, 0.0873]"
1.9000000000000001,0.2870280305838159,3.7151492905367345,"(0.262, 0.306]"
1.9000000000000001,0.0003097153806781988,2.966550765142822,"(-0.000437, 0.0437]"
1.9000000000000001,0.06899156411402395,2.1597909488563873,"(0.0437, 0.0873]"
1.9000000000000001,0.22269547198873854,9.736305178484859,"(0.218, 0.262]"
1.9000000000000001,0.006913269005338776,20.602982439119486,"(-0.000437, 0.0437]"
1.9000000000000001,0.21497959904965022,2.809514065920968,"(0.175, 0.218]"
1.9000000000000001,0.1326778042088595,4.353143679794164,"(0.131, 0.175]"
1.9000000000000001,0.18792602970048788,11.94237562203036,"(0.175, 0.218]"
1.9000000000000001,0.3104245968998194,6.017179555091197,"(0.306, 0.349]"
1.9000000000000001,0.21684872789259413,11.107378877082954,"(0.175, 0.218]"
1.9000000000000001,0.08642972729602952,2.6214531538864194,"(0.0437, 0.0873]"
1.9000000000000001,0.11050742519020162,11.803963100338319,"(0.0873, 0.131]"
2.0,0.027291105774219806,1.9704503260826518,"(-0.000437, 0.0437]"
2.0,0.06392033857776377,2.609507441894894,"(0.0437, 0.0873]"
2.0,0.1517483407086496,11.396507550439853,"(0.131, 0.175]"
2.0,0.05132523728333051,13.157651444143454,"(0.0437, 0.0873]"
2.0,0.08098749692033856,12.72719268999091,"(0.0437, 0.0873]"
2.0,0.21682207928418715,16.86431216160068,"(0.175, 0.218]"
2.0,0.18290265440312517,13.127148858710521,"(0.175, 0.218]"
2.0,0.15744341257627914,5.796483920672823,"(0.131, 0.175]"
2.0,0.07687953450347215,3.9414991711760945,"(0.0437, 0.0873]"
2.0,0.015065937283622252,21.575684050825185,"(-0.000437, 0.0437]"
2.0,0.0778010893158659,17.41285479533461,"(0.0437, 0.0873]"
2.0,0.0011371285168386479,2.836913171779212,"(-0.000437, 0.0437]"
2.0,0.0017382274654726625,2.1734895719483855,"(-0.000437, 0.0437]"
2.0,0.019271469958092403,5.831830339104165,"(-0.000437, 0.0437]"
2.0,0.20950475646361516,14.637317569640084,"(0.175, 0.218]"
2.0,0.260403220789933,9.534860637245387,"(0.218, 0.262]"
2.0,0.0056286861239562246,2.5857432591003198,"(-0.000437, 0.0437]"
2.0,0.23826568716378738,13.323995970962143,"(0.218, 0.262]"
2.0,0.08331430914545215,1.955195253804292,"(0.0437, 0.0873]"
2.0,0.03324853873969875,14.324269832558219,"(-0.000437, 0.0437]"
2.0,0.002749238667174235,2.1884862158005225,"(-0.000437, 0.0437]"
2.0,0.18418031552005004,13.266958968066556,"(0.175, 0.218]"
2.0,0.013397897291513045,2.0353947092069293,"(-0.000437, 0.0437]"
2.0,0.23853895884511975,12.788357129483158,"(0.218, 0.262]"
2.0,0.19349725547593438,13.914020147263363,"(0.175, 0.218]"
2.0,0.07885091709089127,5.2296426401839815,"(0.0437, 0.0873]"
2.0,0.0027964016371469025,2.560447836366128,"(-0.000437, 0.0437]"
2.0,0.1294394342214843,12.824183889116716,"(0.0873, 0.131]"
2.0,0.005168030489572549,2.577643401872435,"(-0.000437, 0.0437]"
2.0,0.2781852136022586,10.248120803810485,"(0.262, 0.306]"
2.0,0.1124886470122694,12.114744102243932,"(0.0873, 0.131]"
2.0,0.005838264250450726,2.7942425651374925,"(-0.000437, 0.0437]"
2.0,0.0014420577043407997,1.9496054823890798,"(-0.000437, 0.0437]"
2.0,0.16690556332898832,9.986440019429676,"(0.131, 0.175]"
2.0,0.09750405154962302,5.700373402457545,"(0.0873, 0.131]"
2.0,0.15924911961155994,13.76376905281325,"(0.131, 0.175]"
2.0,0.19210414456037989,16.993853038647824,"(0.175, 0.218]"
2.0,0.043696704633987116,2.0349508834756636,"(0.0437, 0.0873]"
2.0,0.08684892784424439,2.349109928661055,"(0.0437, 0.0873]"
2.0,0.17850031686406037,18.204905459978214,"(0.175, 0.218]"
2.0,0.2049762412035128,9.724478180708845,"(0.175, 0.218]"
2.0,0.1965158298406871,9.329540564739638,"(0.175, 0.218]"
2.0,0.005332094304888795,2.006929053917591,"(-0.000437, 0.0437]"
2.0,0.29843301819691953,5.413526002609807,"(0.262, 0.306]"
2.0,0.08178458860191419,4.6834165130613705,"(0.0437, 0.0873]"
2.0,0.0008940404944281929,1.8597146371386437,"(-0.000437, 0.0437]"
2.0,0.24064575619615894,11.711795619998865,"(0.218, 0.262]"
2.0,0.14167954344326056,3.805263226215423,"(0.131, 0.175]"
2.0,0.22015765603508086,13.935389352138918,"(0.218, 0.262]"
2.0,0.18664039383308728,20.148927404152357,"(0.175, 0.218]"
